{"stats":{"minecraft:mined":{"alexscaves:spelunkery_table":1,"minecraft:tuff":10,"minecraft:light_gray_stained_glass_pane":4,"iceandfire:silver_ore":4,"minecraft:deepslate_diamond_ore":1,"minecraft:candle":1,"silentgems:deepslate_peridot_ore":4,"born_in_chaos_v1:infected_diamond_ore":4,"minecraft:nether_bricks":17,"minecraft:granite":1,"minecraft:grass_block":1,"minecraft:jungle_log":6,"gobber2:gobber2_lucky_block":5,"silentgems:deepslate_ruby_ore":6,"minecraft:spawner":3,"silentgems:topaz_ore":8,"minecraft:raw_iron_block":1,"minecraft:furnace":2,"minecraft:nether_sprouts":1,"minecraft:iron_ore":12,"minecraft:cobbled_deepslate":31,"minecraft:fire":27,"minecraft:andesite":4,"minecraft:deepslate_lapis_ore":2,"minecraft:nether_brick_fence":4,"minecraft:gold_block":1,"silentgear:deepslate_bort_ore":6,"minecraft:cave_vines":1,"minecraft:vine":2,"minecraft:deepslate_iron_ore":67,"minecraft:quartz_slab":1,"scalinghealth:deepslate_power_crystal_ore":3,"minecraft:iron_bars":1,"minecraft:azalea":2,"minecraft:stone":341,"undead_revamp2:chiseleddripstonepillarbottom":3,"minecraft:crafting_table":14,"minecraft:torch":2,"silentgems:deepslate_sapphire_ore":9,"silentgems:deepslate_alexandrite_ore":2,"minecraft:nether_brick_slab":2,"minecraft:nether_quartz_ore":9,"undead_revamp2:chiseled_dripstonepillar":7,"minecraft:tall_grass":6,"minecraft:cobblestone":65,"silentgems:deepslate_silver_ore":10,"minecraft:wall_torch":11,"minecraft:warped_nylium":3,"minecraft:black_wall_banner":1,"gobber2:gobber2_lucky_block_deepslate":31,"silentgems:deepslate_topaz_ore":47,"minecraft:grass":12,"minecraft:coal_ore":34,"minecraft:dirt":3,"minecraft:gravel":20,"minecraft:dripstone_block":1,"minecraft:ancient_debris":1,"minecraft:netherrack":69,"minecraft:fern":1,"minecraft:oak_leaves":1,"minecraft:deepslate":208},"minecraft:picked_up":{"minecraft:iron_chestplate":1,"minecraft:crafting_table":14,"born_in_chaos_v1:diamond_termite_shard":6,"minecraft:nether_brick_fence":5,"iceandfire:witherbone":7,"minecraft:chicken":4,"born_in_chaos_v1:seedof_chaos":1,"silentgear:shield_blueprint":2,"minecraft:gold_block":1,"minecraft:enchanted_book":1,"minecraft:nether_brick":1,"silentgems:sapphire":9,"silentgems:raw_silver":8,"minecraft:gold_nugget":2,"minecraft:cobbled_deepslate":256,"minecraft:written_book":1,"minecraft:iron_nugget":4,"silentgems:peridot":4,"minecraft:furnace":2,"minecraft:egg":1,"minecraft:raw_iron":135,"apotheosis:gem":2,"minecraft:torch":16,"minecraft:golden_axe":1,"tombstone:grave_dust":3,"minecraft:redstone":20,"tombstone:lollipop":4,"gobber2:gobber2_foo":4,"minecraft:arrow":2,"minecraft:rotten_flesh":12,"minecraft:nether_bricks":42,"silentgear:shovel_blueprint":1,"minecraft:black_banner":1,"minecraft:blaze_rod":4,"undead_revamp2:arapholia":2,"minecraft:skeleton_skull":2,"minecraft:cobblestone":527,"minecraft:feather":3,"minecraft:basalt":2,"born_in_chaos_v1:monster_flesh":3,"minecraft:golden_carrot":1,"minecraft:jungle_log":6,"minecraft:andesite":2,"gobber2:gobber2_gooey_beefstew":6,"minecraft:oak_log":2,"minecraft:flint":1,"minecraft:tuff":2,"minecraft:chainmail_chestplate":2,"minecraft:ancient_debris":1,"minecraft:gunpowder":2,"silentgems:alexandrite":2,"scalinghealth:heart_crystal":1,"minecraft:lapis_lazuli":13,"minecraft:dirt":4,"tombstone:gift":2,"minecraft:twisting_vines":1,"minecraft:bone":13,"gobber2:gobber2_gooey_beef":6,"minecraft:wheat_seeds":1,"silentgems:ruby":6,"minecraft:iron_ingot":4,"scalinghealth:power_crystal_shard":6,"gobber2:gobber2_gooey_bread":9,"scalinghealth:heart_crystal_shard":11,"hmag:necrofiber":4,"silentgear:pickaxe":2,"minecraft:cracked_nether_bricks":4,"minecraft:raw_iron_block":1,"minecraft:gravel":24,"minecraft:jungle_planks":8,"minecraft:nether_brick_slab":2,"silentgear:bort":6,"hmag:kobold_leather":1,"alexsmobs:animal_dictionary":2,"minecraft:leather_helmet":1,"minecraft:diamond":1,"minecraft:chainmail_leggings":1,"hmag:burning_core":1,"minecraft:granite":2,"minecraft:netherrack":67,"tombstone:magic_scroll":1,"iceandfire:raw_silver":4,"minecraft:coal":40,"silentgems:topaz":55,"gobber2:gobber2_goo":9,"minecraft:ender_pearl":1},"minecraft:broken":{"minecraft:iron_leggings":1,"minecraft:chainmail_boots":1,"minecraft:golden_axe":1,"minecraft:iron_pickaxe":1,"minecraft:iron_helmet":1},"minecraft:crafted":{"silentgear:pickaxe":6,"minecraft:oak_planks":8,"minecraft:raw_iron":9,"minecraft:furnace":1,"minecraft:flint_and_steel":1,"minecraft:iron_boots":1,"silentgear:rough_rod":18,"minecraft:stone_pickaxe":1,"silentgear:shield":1,"silentgear:sword":2,"minecraft:crafting_table":3,"minecraft:wooden_pickaxe":1,"minecraft:iron_helmet":2,"scalinghealth:heart_crystal":1,"minecraft:air":0,"minecraft:jungle_planks":24,"minecraft:iron_chestplate":2,"minecraft:stick":25,"minecraft:iron_ingot":50,"minecraft:gold_ingot":9,"minecraft:iron_leggings":1},"minecraft:killed_by":{"minecraft:player":2,"minecraft:wither_skeleton":2,"hmag:fortress_keeper":1,"minecraft:blaze":2,"born_in_chaos_v1:dire_hound_leader":1},"minecraft:used":{"silentgear:sword":360,"gobber2:gobber2_goo":9,"minecraft:flint_and_steel":2,"gobber2:gobber2_gooey_bread":9,"tombstone:lollipop":4,"minecraft:netherrack":62,"minecraft:iron_chestplate":2,"minecraft:torch":12,"minecraft:dirt":4,"scalinghealth:heart_crystal":2,"minecraft:jungle_planks":13,"minecraft:nether_bricks":23,"minecraft:chainmail_chestplate":1,"minecraft:nether_brick_slab":2,"minecraft:lava_bucket":13,"minecraft:iron_helmet":2,"minecraft:iron_boots":1,"minecraft:basalt":2,"gobber2:gobber2_gooey_beef":6,"silentgear:pickaxe":1132,"minecraft:written_book":1,"minecraft:furnace":2,"tombstone:gift":6,"minecraft:egg":1,"minecraft:cobbled_deepslate":143,"minecraft:golden_axe":16,"silentgear:shield":12,"minecraft:iron_leggings":2,"minecraft:water_bucket":6,"minecraft:oak_planks":8,"minecraft:stone_pickaxe":1,"minecraft:wooden_pickaxe":4,"minecraft:crafting_table":16,"minecraft:black_banner":1,"alexscaves:cave_book":2,"hmag:fire_bottle":1,"gobber2:gobber2_gooey_beefstew":6,"born_in_chaos_v1:monster_flesh":2,"minecraft:chicken":4,"minecraft:bread":1,"minecraft:iron_pickaxe":242,"minecraft:cracked_nether_bricks":2,"tombstone:grave_key":1,"tombstone:magic_scroll":1,"minecraft:leather_helmet":1,"minecraft:gravel":4,"minecraft:cobblestone":88,"minecraft:chainmail_boots":1,"minecraft:bucket":20,"alexsmobs:animal_dictionary":2,"minecraft:experience_bottle":93},"minecraft:dropped":{"minecraft:iron_ingot":4,"minecraft:enchanted_book":1,"minecraft:piston":4,"minecraft:wheat_seeds":2,"minecraft:ender_pearl":2,"minecraft:diamond":1,"minecraft:feather":3,"minecraft:cobblestone":478,"minecraft:granite":2,"hmag:kobold_leather":1,"silentgear:knife_blueprint":1,"minecraft:saddle":2,"silentgear:shovel_blueprint":2,"minecraft:coal":3,"minecraft:leather_helmet":2,"silentgear:blueprint_package":1,"minecraft:stick":10,"minecraft:emerald":3,"born_in_chaos_v1:monster_flesh":1,"silentgear:machete_blueprint":1,"minecraft:golden_carrot":1,"minecraft:torch":5,"silentgems:peridot":1,"silentgear:shield_blueprint":3,"tombstone:grave_dust":4,"minecraft:gold_nugget":2,"minecraft:jungle_sapling":8,"minecraft:iron_pickaxe":1,"minecraft:chainmail_leggings":1,"minecraft:gold_ingot":5,"minecraft:bone":13,"minecraft:redstone":20,"silentgear:pickaxe":7,"minecraft:gravel":20,"minecraft:iron_nugget":4,"alexsmobs:animal_dictionary":4,"minecraft:cobbled_deepslate":85,"minecraft:cocoa_beans":2,"minecraft:nether_brick":1,"minecraft:twisting_vines":1,"iceandfire:witherbone":7,"alexscaves:cave_tablet":7,"minecraft:tuff":2,"undead_revamp2:arapholia":2,"minecraft:raw_iron":1,"minecraft:experience_bottle":1,"minecraft:rotten_flesh":6,"minecraft:nether_brick_fence":5,"minecraft:nether_bricks":38,"minecraft:chainmail_chestplate":3,"silentgear:sword":1,"born_in_chaos_v1:seedof_chaos":1,"alexscaves:cave_book":1,"minecraft:gunpowder":2,"minecraft:skeleton_skull":3,"minecraft:iron_chestplate":2,"minecraft:andesite":2,"hmag:necrofiber":4,"apotheosis:gem":4,"minecraft:arrow":2,"minecraft:stone_pickaxe":1,"minecraft:wooden_pickaxe":2,"minecraft:cracked_nether_bricks":4,"minecraft:written_book":3},"minecraft:custom":{"minecraft:mob_kills":56,"minecraft:interact_with_crafting_table":33,"minecraft:open_barrel":36,"minecraft:damage_dealt_resisted":2670,"minecraft:leave_game":1,"minecraft:time_since_death":3200,"minecraft:climb_one_cm":4901,"minecraft:damage_resisted":0,"minecraft:sprint_one_cm":299428,"minecraft:walk_one_cm":394592,"minecraft:damage_blocked_by_shield":719,"minecraft:drop":130,"tombstone:eaten_lollipop":4,"minecraft:damage_dealt_absorbed":2507,"minecraft:play_time":128902,"minecraft:deaths":13,"minecraft:sneak_time":28122,"minecraft:walk_under_water_one_cm":3130,"tombstone:tomb_raiding":1,"minecraft:jump":2468,"minecraft:walk_on_water_one_cm":15643,"minecraft:total_world_time":128902,"minecraft:interact_with_furnace":27,"minecraft:interact_with_loom":2,"minecraft:pot_flower":1,"minecraft:time_since_rest":2761,"minecraft:damage_taken":9263,"tombstone:sneak_grave":13,"minecraft:damage_dealt":19536,"minecraft:swim_one_cm":2882,"minecraft:player_kills":15,"minecraft:fly_one_cm":276811,"minecraft:open_chest":13,"minecraft:crouch_one_cm":122545,"tombstone:undead_killed":23,"minecraft:fall_one_cm":58589},"minecraft:killed":{"hmag:necrotic_reaper":2,"hmag:wither_skeleton_girl":1,"born_in_chaos_v1:mr_pumpkin":1,"undead_revamp2:thegliter":1,"born_in_chaos_v1:skeleton_demoman":1,"minecraft:spider":1,"hmag:fortress_keeper":1,"enemyexpansion:direwolf":1,"born_in_chaos_v1:maggot":1,"born_in_chaos_v1:baby_spider":1,"minecraft:chicken":4,"alexsmobs:straddler":2,"minecraft:axolotl":3,"undead_revamp2:thespitter":1,"born_in_chaos_v1:barrel_zombie":1,"hmag:ghost":1,"born_in_chaos_v1:diamond_termite":6,"undead_revamp2:the_moonflower":4,"enemyexpansion:sprinter":1,"born_in_chaos_v1:decrepit_skeleton":1,"undead_revamp2:thesomnolence":1,"minecraft:zombie":2,"born_in_chaos_v1:dread_hound":1,"minecraft:wither_skeleton":6,"minecraft:blaze":5,"enemyexpansion:slugger":1}},"DataVersion":3465}