{"stats":{"minecraft:killed_by":{"minecraft:player":1,"born_in_chaos_v1:sir_the_headless":1},"minecraft:crafted":{"minecraft:oak_planks":20,"minecraft:crafting_table":1,"minecraft:stick":4,"minecraft:wooden_pickaxe":1,"minecraft:wooden_axe":1},"minecraft:picked_up":{"minecraft:crafting_table":1,"minecraft:pumpkin":1,"minecraft:oak_log":5,"tombstone:gift":1,"minecraft:wheat_seeds":1,"minecraft:bamboo":3,"minecraft:iron_sword":1},"minecraft:dropped":{"minecraft:dirt":13,"minecraft:stone_axe":1,"undead_revamp2:beespheromones":1,"born_in_chaos_v1:seedof_chaos":1,"alexsmobs:animal_dictionary":2,"minecraft:cocoa_beans":3,"minecraft:crafting_table":1,"born_in_chaos_v1:corpse_maggot":4,"tombstone:gift":1,"minecraft:cobblestone":6,"tombstone:grave_dust":4,"minecraft:rotten_flesh":5,"minecraft:bamboo":3,"minecraft:leather":3,"minecraft:jungle_planks":4,"minecraft:stone_pickaxe":1,"minecraft:beef":1,"minecraft:cracked_stone_bricks":8,"minecraft:copper_ingot":2,"born_in_chaos_v1:pieceofdarkmetal":7,"silentgear:sinew":1,"relics:spatial_sign":1,"minecraft:stick":4},"minecraft:mined":{"minecraft:fire":15,"minecraft:pumpkin":1,"minecraft:crafting_table":1,"minecraft:grass":4,"minecraft:oak_log":5,"minecraft:oak_leaves":1},"minecraft:killed":{"born_in_chaos_v1:felsteed":1,"born_in_chaos_v1:mr_pumpkin":1,"born_in_chaos_v1:sir_the_headless":1,"creeperoverhaul:bamboo_creeper":1},"minecraft:custom":{"minecraft:time_since_rest":562,"minecraft:sprint_one_cm":38577,"minecraft:damage_taken":782,"minecraft:walk_one_cm":43008,"minecraft:mob_kills":4,"minecraft:drop":24,"minecraft:damage_dealt":1810,"minecraft:interact_with_crafting_table":1,"minecraft:fly_one_cm":88563,"minecraft:player_kills":1,"minecraft:open_chest":1,"minecraft:crouch_one_cm":3604,"minecraft:play_time":16431,"minecraft:deaths":2,"minecraft:sneak_time":644,"tombstone:tomb_raiding":1,"minecraft:damage_dealt_resisted":212,"minecraft:jump":166,"minecraft:leave_game":6,"minecraft:time_since_death":733,"minecraft:sleep_in_bed":1,"minecraft:climb_one_cm":886,"minecraft:total_world_time":16431,"minecraft:fall_one_cm":5994},"minecraft:used":{"minecraft:wooden_axe":1,"minecraft:iron_sword":20,"minecraft:crafting_table":1,"tombstone:gift":2,"alexsmobs:animal_dictionary":2,"minecraft:pumpkin":1}},"DataVersion":3465}