{"stats":{"minecraft:killed_by":{"minecraft:player":1,"born_in_chaos_v1:phantom_creeper_copy":1,"born_in_chaos_v1:sir_the_headless":1},"minecraft:crafted":{"minecraft:oak_planks":20,"minecraft:crafting_table":1,"minecraft:wooden_pickaxe":1,"minecraft:diamond_pickaxe":1,"minecraft:stick":4,"minecraft:wooden_axe":1},"minecraft:picked_up":{"minecraft:wooden_axe":1,"born_in_chaos_v1:corpse_maggot":7,"minecraft:crafting_table":1,"born_in_chaos_v1:monster_flesh":1,"minecraft:wooden_pickaxe":1,"minecraft:oak_log":5,"scalinghealth:bandages":1,"minecraft:dirt":1,"tombstone:gift":2,"born_in_chaos_v1:soul_cutlass":1,"minecraft:wheat_seeds":3,"minecraft:written_book":1,"born_in_chaos_v1:fel_lamp":1,"minecraft:bamboo":3,"minecraft:iron_sword":1,"minecraft:pumpkin":1,"born_in_chaos_v1:phantom_powder":3,"born_in_chaos_v1:pumpkinstaffa":1,"minecraft:sand":3,"minecraft:white_bed":2,"minecraft:arrow":3,"minecraft:diamond":3,"scalinghealth:cursed_heart":1,"minecraft:cobblestone":27},"minecraft:dropped":{"minecraft:stone_axe":4,"undead_revamp2:beespheromones":2,"minecraft:iron_nugget":18,"alexsmobs:animal_dictionary":4,"minecraft:cocoa_beans":3,"minecraft:crafting_table":2,"tombstone:gift":1,"minecraft:cobblestone":12,"minecraft:rotten_flesh":5,"minecraft:leather":9,"minecraft:jungle_planks":12,"minecraft:cracked_stone_bricks":40,"born_in_chaos_v1:empty_fel_lamp":1,"minecraft:copper_ingot":8,"born_in_chaos_v1:pieceofdarkmetal":21,"silentgear:sinew":3,"minecraft:stick":8,"minecraft:dirt":45,"born_in_chaos_v1:seedof_chaos":4,"born_in_chaos_v1:phantom_powder":2,"minecraft:wooden_axe":4,"born_in_chaos_v1:corpse_maggot":11,"tombstone:grave_dust":11,"minecraft:bamboo":9,"minecraft:sand":4,"minecraft:beef":1,"minecraft:stone_pickaxe":1,"minecraft:wooden_pickaxe":4,"minecraft:written_book":2,"scalinghealth:bandages":1,"relics:spatial_sign":1},"minecraft:killed":{"born_in_chaos_v1:felsteed":1,"born_in_chaos_v1:mr_pumpkin":1,"born_in_chaos_v1:sir_the_headless":1,"born_in_chaos_v1:riding_felsteed":1,"born_in_chaos_v1:maggot":1,"creeperoverhaul:bamboo_creeper":1,"born_in_chaos_v1:pumpkinhead":1,"born_in_chaos_v1:phantom_creeper_copy":1,"minecraft:zombie":1,"born_in_chaos_v1:dread_hound":1,"born_in_chaos_v1:corpse_fly":5,"alexsmobs:capuchin_monkey":1,"born_in_chaos_v1:mr_pumpkin_controlled":3},"minecraft:mined":{"minecraft:white_bed":1,"minecraft:crafting_table":1,"minecraft:cobblestone":2,"minecraft:fire":15,"minecraft:pumpkin":1,"minecraft:grass":8,"minecraft:oak_log":5,"minecraft:dirt":2,"minecraft:sand":2,"minecraft:stone":25,"minecraft:oak_leaves":1,"minecraft:fern":2},"minecraft:custom":{"minecraft:mob_kills":22,"minecraft:interact_with_crafting_table":2,"minecraft:open_barrel":2,"minecraft:damage_dealt_resisted":1063,"minecraft:leave_game":6,"minecraft:time_since_death":4821,"minecraft:sleep_in_bed":3,"minecraft:damage_resisted":0,"minecraft:climb_one_cm":2042,"minecraft:time_since_rest":4502,"minecraft:sprint_one_cm":61440,"minecraft:damage_taken":2202,"minecraft:walk_one_cm":107905,"tombstone:sneak_grave":4,"minecraft:drop":78,"minecraft:damage_dealt":7045,"minecraft:damage_dealt_absorbed":56,"minecraft:fly_one_cm":111302,"minecraft:player_kills":13,"minecraft:open_chest":1,"minecraft:crouch_one_cm":10856,"tombstone:undead_killed":1,"minecraft:play_time":35952,"minecraft:deaths":3,"minecraft:sneak_time":2581,"tombstone:tomb_raiding":5,"minecraft:jump":310,"minecraft:walk_on_water_one_cm":316,"minecraft:total_world_time":35952,"minecraft:fall_one_cm":7643},"minecraft:used":{"minecraft:stone_pickaxe":8,"minecraft:iron_sword":88,"minecraft:rotten_flesh":5,"minecraft:sand":1,"minecraft:crafting_table":3,"scalinghealth:cursed_heart":1,"minecraft:white_bed":2,"born_in_chaos_v1:soul_cutlass":4,"born_in_chaos_v1:corpse_maggot":6,"minecraft:wooden_axe":1,"minecraft:diamond_pickaxe":19,"born_in_chaos_v1:monster_flesh":1,"tombstone:grave_key":1,"minecraft:cobblestone":3,"minecraft:written_book":1,"born_in_chaos_v1:fel_lamp":1,"tombstone:gift":4,"alexsmobs:animal_dictionary":2,"minecraft:pumpkin":1,"minecraft:experience_bottle":16}},"DataVersion":3465}