{"stats":{"minecraft:mined":{"minecraft:granite":13,"minecraft:acacia_log":1,"minecraft:grass_block":11,"minecraft:jungle_log":3,"minecraft:spawner":2,"minecraft:iron_ore":8,"minecraft:cobbled_deepslate":3,"minecraft:fire":42,"iceandfire:crackled_dirt":1,"silentgear:deepslate_bort_ore":1,"minecraft:skeleton_wall_skull":1,"minecraft:cave_vines":1,"minecraft:dirt_path":2,"scalinghealth:deepslate_power_crystal_ore":3,"minecraft:iron_bars":1,"minecraft:azalea":1,"minecraft:stripped_mangrove_wood":1,"minecraft:deepslate_redstone_ore":10,"minecraft:torch":3,"minecraft:melon":3,"minecraft:cobblestone":11,"minecraft:wall_torch":7,"minecraft:wheat":4,"minecraft:grass":32,"minecraft:oak_log":3,"minecraft:dirt":13,"minecraft:oak_leaves":1,"minecraft:deepslate":256,"silentgems:deepslate_iolite_ore":1,"minecraft:tuff":33,"minecraft:light_gray_stained_glass_pane":4,"minecraft:deepslate_diamond_ore":7,"minecraft:potted_wither_rose":1,"silentgear:wild_flax_plant":1,"silentgems:deepslate_peridot_ore":15,"born_in_chaos_v1:infected_diamond_ore":2,"minecraft:nether_bricks":20,"minecraft:dark_oak_fence":2,"minecraft:black_banner":1,"farmersdelight:tomatoes":1,"minecraft:moss_block":4,"born_in_chaos_v1:gnawed_bones":1,"minecraft:cracked_nether_bricks":2,"silentgems:deepslate_ruby_ore":10,"minecraft:hay_block":27,"minecraft:andesite":3,"minecraft:bookshelf":8,"minecraft:deepslate_iron_ore":41,"minecraft:vine":4,"minecraft:stripped_oak_log":1,"minecraft:stone":370,"minecraft:lectern":1,"minecraft:tall_grass":23,"minecraft:copper_ore":14,"silentgems:deepslate_silver_ore":9,"minecraft:deepslate_gold_ore":22,"minecraft:diorite":1,"silentgems:deepslate_topaz_ore":12,"minecraft:coal_ore":4,"minecraft:gravel":1,"minecraft:fern":2},"minecraft:picked_up":{"minecraft:wheat":6,"minecraft:chainmail_boots":1,"minecraft:flower_pot":2,"minecraft:potion":1,"minecraft:wither_rose":1,"minecraft:enchanted_book":2,"minecraft:string":21,"minecraft:raw_copper":46,"minecraft:iron_leggings":1,"minecraft:experience_bottle":19,"minecraft:cobbled_deepslate":285,"minecraft:azalea":1,"hmag:cureberry":4,"minecraft:written_book":1,"born_in_chaos_v1:stimulating_decoction":2,"minecraft:melon_slice":23,"farmersdelight:cabbage_seeds":3,"minecraft:stick":12,"artifacts:universal_attractor":2,"apotheosis:gem":23,"minecraft:torch":6,"minecraft:acacia_log":1,"minecraft:sandstone_wall":16,"silentgems:iolite":2,"iceandfire:lightning_dragon_flesh":3,"tombstone:grave_dust":1,"minecraft:diorite":1,"born_in_chaos_v1:nightmare_claw":1,"tombstone:lollipop":1,"born_in_chaos_v1:fried_maggot":1,"minecraft:rotten_flesh":33,"iceandfire:fire_dragon_heart":3,"farmersdelight:rope":18,"minecraft:cobblestone":491,"minecraft:leather_chestplate":4,"minecraft:feather":8,"minecraft:andesite":2,"minecraft:jungle_log":3,"minecraft:flint":2,"minecraft:tuff":23,"minecraft:smooth_sandstone_stairs":5,"minecraft:dirt":93,"minecraft:name_tag":2,"born_in_chaos_v1:monster_skin":1,"minecraft:bone":24,"minecraft:wheat_seeds":25,"minecraft:raw_gold":24,"hmag:exp_berry":7,"minecraft:moss_block":4,"minecraft:oak_planks":6,"gobber2:gobber2_gooey_bread":1,"minecraft:cooked_porkchop":6,"minecraft:music_disc_13":2,"silentgear:pickaxe":3,"minecraft:axolotl_bucket":4,"iceandfire:dragon_skull_fire":1,"iceandfire:lightning_dragon_heart":2,"minecraft:chiseled_sandstone":1,"minecraft:diamond":8,"iceandfire:crackled_stone":10,"iceandfire:dragonbone_sword_fire":1,"minecraft:crossbow":2,"minecraft:granite":5,"minecraft:emerald":3,"minecraft:golden_apple":1,"minecraft:golden_horse_armor":4,"minecraft:chainmail_helmet":1,"minecraft:bread":1,"minecraft:oak_sapling":3,"minecraft:netherrack":76,"minecraft:dark_oak_fence":4,"iceandfire:dragon_skull_lightning":1,"minecraft:cocoa_beans":3,"minecraft:crafting_table":1,"iceandfire:witherbone":1,"born_in_chaos_v1:seedof_chaos":5,"minecraft:turtle_helmet":1,"minecraft:wooden_pickaxe":8,"minecraft:cornflower":1,"minecraft:oak_trapdoor":5,"minecraft:iron_axe":1,"born_in_chaos_v1:intoxicating_decoction":1,"minecraft:item_frame":1,"minecraft:quartz_slab":4,"minecraft:iron_shovel":2,"silentgems:raw_silver":11,"minecraft:beef":4,"born_in_chaos_v1:gnawed_bones":1,"minecraft:player_head":1,"minecraft:jungle_sapling":7,"silentgems:peridot":14,"minecraft:lectern":1,"minecraft:chest":1,"minecraft:piston":4,"minecraft:spruce_trapdoor":2,"minecraft:egg":2,"minecraft:raw_iron":49,"minecraft:stripped_mangrove_wood":2,"iceandfire:dragonscales_green":94,"minecraft:redstone":3,"minecraft:arrow":5,"minecraft:hay_block":37,"minecraft:sandstone_stairs":3,"minecraft:black_banner":4,"minecraft:saddle":3,"minecraft:gold_ingot":9,"minecraft:glow_berries":2,"minecraft:skeleton_skull":4,"mowziesmobs:umvuthana_mask_fury":1,"born_in_chaos_v1:corpse_maggot":1,"born_in_chaos_v1:monster_flesh":3,"gobber2:gobber2_gooey_beefstew":2,"silentgear:blueprint_package":1,"minecraft:oak_log":3,"minecraft:chainmail_chestplate":2,"minecraft:gunpowder":6,"scalinghealth:heart_crystal":2,"minecraft:white_banner":1,"tombstone:gift":2,"scalinghealth:medkit":1,"minecraft:smooth_sandstone":13,"silentgems:ruby":30,"minecraft:iron_ingot":80,"minecraft:stone_pickaxe":1,"scalinghealth:power_crystal_shard":3,"minecraft:stripped_oak_wood":6,"minecraft:glass_bottle":2,"mowziesmobs:umvuthana_mask_misery":3,"minecraft:book":27,"minecraft:oak_slab":3,"born_in_chaos_v1:ethereal_spirit":1,"minecraft:dandelion":6,"minecraft:gravel":3,"minecraft:slime_ball":6,"born_in_chaos_v1:black_argillite_brick_slab":5,"minecraft:chainmail_leggings":2,"minecraft:iron_helmet":1,"minecraft:melon_seeds":1,"minecraft:coal":10,"silentgems:topaz":12},"minecraft:broken":{"minecraft:iron_boots":1,"minecraft:chainmail_boots":1,"minecraft:stone_pickaxe":1,"minecraft:chainmail_chestplate":1,"minecraft:leather_helmet":2,"minecraft:chainmail_leggings":1,"minecraft:chainmail_helmet":1,"minecraft:leather_chestplate":1,"minecraft:iron_helmet":1},"minecraft:crafted":{"minecraft:oak_planks":4,"minecraft:crafting_table":2,"minecraft:wooden_pickaxe":1,"minecraft:stick":4,"minecraft:iron_ingot":54,"minecraft:stone_pickaxe":1,"minecraft:wheat":18,"minecraft:bucket":2,"minecraft:bread":6,"minecraft:jungle_planks":12,"minecraft:acacia_planks":4,"minecraft:torch":8},"minecraft:killed_by":{"undead_revamp2:the_moonflower":1,"born_in_chaos_v1:mr_pumpkin":1,"born_in_chaos_v1:zombie_bruiser":2,"alexsmobs:elephant":1,"minecraft:zombie":3,"iceandfire:fire_dragon":14,"enemyexpansion:invisicreeper":1,"minecraft:husk":1,"minecraft:player":15,"born_in_chaos_v1:restless_spirit":1,"minecraft:iron_golem":1,"minecraft:skeleton":1,"iceandfire:lightning_dragon":1},"minecraft:dropped":{"minecraft:stripped_mangrove_wood":2,"minecraft:oak_log":2,"minecraft:glass_bottle":13,"minecraft:crafting_table":1,"minecraft:sandstone_stairs":3,"minecraft:crossbow":2,"minecraft:glow_berries":2,"silentgems:ruby":30,"silentgems:topaz":12,"artifacts:universal_attractor":1,"born_in_chaos_v1:nightmare_claw":1,"minecraft:black_banner":2,"minecraft:item_frame":1,"minecraft:flint":2,"born_in_chaos_v1:monster_flesh":2,"minecraft:dirt":7,"minecraft:dark_oak_fence":4,"born_in_chaos_v1:monster_skin":1,"minecraft:jungle_sapling":3,"minecraft:axolotl_bucket":6,"minecraft:stripped_oak_wood":6,"minecraft:bone":5,"minecraft:gravel":3,"minecraft:cobbled_deepslate":130,"minecraft:smooth_sandstone_stairs":5,"tombstone:gift":1,"minecraft:rotten_flesh":27,"minecraft:oak_planks":6,"minecraft:sandstone_wall":16,"minecraft:leather_chestplate":3,"minecraft:turtle_helmet":1,"born_in_chaos_v1:seedof_chaos":4,"minecraft:gunpowder":5,"minecraft:skeleton_skull":2,"minecraft:melon_seeds":1,"apotheosis:gem":17,"minecraft:azalea":1,"minecraft:chest":1,"minecraft:arrow":4,"minecraft:written_book":1,"minecraft:netherrack":76,"minecraft:bread":1,"minecraft:enchanted_book":2,"minecraft:iron_ingot":62,"minecraft:oak_slab":3,"minecraft:wheat_seeds":23,"minecraft:golden_horse_armor":4,"iceandfire:dragonscales_green":47,"minecraft:feather":6,"minecraft:cobblestone":241,"minecraft:book":3,"minecraft:granite":5,"born_in_chaos_v1:black_argillite_brick_slab":5,"minecraft:coal":1,"minecraft:stick":6,"minecraft:melon_slice":12,"minecraft:chainmail_leggings":2,"minecraft:iron_shovel":2,"minecraft:smooth_sandstone":13,"minecraft:string":32,"minecraft:chiseled_sandstone":1,"minecraft:dandelion":3,"minecraft:redstone":2,"silentgear:pickaxe":1,"silentgems:iolite":2,"minecraft:oak_trapdoor":5,"minecraft:player_head":3,"iceandfire:lightning_dragon_heart":2,"minecraft:cocoa_beans":1,"minecraft:tuff":11,"iceandfire:witherbone":1,"farmersdelight:cabbage_seeds":3,"minecraft:name_tag":4,"scalinghealth:power_crystal_shard":3,"minecraft:hay_block":28,"minecraft:flower_pot":2,"mowziesmobs:umvuthana_mask_misery":4,"minecraft:spruce_trapdoor":2,"minecraft:andesite":2,"minecraft:oak_sapling":2,"easy_villagers:villager":1,"minecraft:slime_ball":5,"minecraft:bow":1,"iceandfire:fire_dragon_heart":2,"minecraft:stone_pickaxe":1,"minecraft:wooden_pickaxe":5,"iceandfire:crackled_stone":10,"iceandfire:dragon_skull_lightning":1,"minecraft:quartz_slab":4},"minecraft:used":{"minecraft:moss_block":3,"gobber2:gobber2_gooey_bread":1,"tombstone:lollipop":1,"minecraft:carrot":18,"minecraft:axolotl_bucket":3,"born_in_chaos_v1:corpse_maggot":1,"hmag:exp_berry":7,"minecraft:hay_block":6,"minecraft:skeleton_skull":1,"minecraft:egg":2,"minecraft:diorite":1,"minecraft:stone_pickaxe":185,"minecraft:wooden_pickaxe":50,"minecraft:golden_apple":1,"easy_villagers:villager":1,"gobber2:gobber2_gooey_beefstew":2,"minecraft:melon_slice":11,"minecraft:bread":16,"minecraft:lectern":1,"tombstone:grave_key":33,"minecraft:experience_bottle":26,"minecraft:redstone":1,"born_in_chaos_v1:fried_maggot":1,"minecraft:torch":14,"minecraft:dirt":15,"scalinghealth:heart_crystal":2,"minecraft:iron_axe":22,"silentgear:pickaxe":748,"minecraft:beef":4,"tombstone:gift":2,"minecraft:cobbled_deepslate":37,"minecraft:water_bucket":4,"minecraft:crafting_table":2,"iceandfire:dragonbone_sword_fire":140,"hmag:cureberry":4,"minecraft:cobblestone":100,"minecraft:potion":6,"minecraft:cooked_porkchop":3,"mowziesmobs:umvuthana_mask_fury":1,"minecraft:bucket":9,"alexsmobs:animal_dictionary":1,"minecraft:dandelion":3},"minecraft:custom":{"minecraft:interact_with_crafting_table":10,"minecraft:open_barrel":74,"minecraft:leave_game":6,"minecraft:time_since_death":160,"minecraft:damage_resisted":56,"minecraft:sprint_one_cm":779542,"minecraft:drop":214,"tombstone:eaten_lollipop":1,"minecraft:play_time":202284,"minecraft:deaths":47,"minecraft:jump":5395,"minecraft:interact_with_brewingstand":9,"minecraft:walk_on_water_one_cm":26802,"minecraft:interact_with_furnace":3,"minecraft:interact_with_loom":1,"minecraft:sleep_in_bed":1,"tombstone:sneak_grave":7,"minecraft:damage_dealt":16647,"minecraft:player_kills":1,"minecraft:crouch_one_cm":93488,"tombstone:undead_killed":14,"minecraft:interact_with_smoker":3,"minecraft:mob_kills":59,"minecraft:interact_with_anvil":1,"minecraft:damage_dealt_resisted":2649,"minecraft:climb_one_cm":6839,"minecraft:walk_one_cm":575984,"minecraft:damage_dealt_absorbed":785,"minecraft:sneak_time":28519,"minecraft:walk_under_water_one_cm":11086,"minecraft:interact_with_blast_furnace":1,"minecraft:total_world_time":202284,"tombstone:raider_killed":9,"minecraft:time_since_rest":1,"minecraft:damage_taken":19311,"minecraft:damage_absorbed":40,"minecraft:trigger_trapped_chest":5,"minecraft:swim_one_cm":39131,"minecraft:fly_one_cm":1070992,"minecraft:open_chest":33,"minecraft:fall_one_cm":140608},"minecraft:killed":{"born_in_chaos_v1:zombie_clown":1,"born_in_chaos_v1:restless_spirit":2,"undead_revamp2:thesmoker":1,"minecraft:pig":4,"born_in_chaos_v1:diamond_termite":2,"minecraft:pillager":9,"minecraft:zombie":6,"born_in_chaos_v1:dread_hound":2,"born_in_chaos_v1:corpse_fly":1,"enemyexpansion:botfly":1,"undead_revamp2:theskeeper":1,"born_in_chaos_v1:zombie_clown_not_despawn":1,"enemyexpansion:direwolf":1,"born_in_chaos_v1:maggot":5,"born_in_chaos_v1:baby_spider":2,"undead_revamp2:sucker":2,"born_in_chaos_v1:baby_skeleton":1,"enemyexpansion:sprinter":1,"hmag:kobold":1,"undead_revamp2:thesomnolence":4}},"DataVersion":3465}