{"stats":{"minecraft:mined":{"minecraft:spruce_planks":1,"minecraft:white_bed":1,"silentgear:wild_flax_plant":1,"minecraft:grass_block":1,"minecraft:jungle_planks":1,"minecraft:jungle_log":8,"minecraft:furnace":1,"minecraft:iron_ore":20,"minecraft:bookshelf":15,"minecraft:vine":3,"minecraft:stone":144,"minecraft:crafting_table":2,"minecraft:torch":4,"minecraft:emerald_ore":1,"minecraft:melon":2,"minecraft:polished_andesite_stairs":1,"minecraft:tall_grass":3,"minecraft:cobblestone":1,"minecraft:sugar_cane":2,"minecraft:wall_torch":2,"minecraft:trapped_chest":1,"minecraft:wheat":1,"minecraft:tnt":4,"minecraft:grass":67,"minecraft:oak_log":9,"minecraft:coal_ore":39,"minecraft:dirt":5,"minecraft:cracked_stone_bricks":1,"minecraft:polished_andesite":1,"minecraft:fern":6},"minecraft:killed_by":{"minecraft:iron_golem":1},"minecraft:custom":{"minecraft:mob_kills":65,"minecraft:interact_with_crafting_table":9,"minecraft:open_barrel":10,"minecraft:damage_dealt_resisted":2026,"minecraft:eat_cake_slice":1,"minecraft:leave_game":17,"minecraft:time_since_death":22219,"minecraft:climb_one_cm":2851,"minecraft:sprint_one_cm":143175,"minecraft:walk_one_cm":86653,"minecraft:drop":26,"tombstone:eaten_lollipop":2,"minecraft:damage_dealt_absorbed":930,"minecraft:talked_to_villager":1,"minecraft:play_time":83024,"minecraft:deaths":1,"minecraft:sneak_time":3275,"minecraft:walk_under_water_one_cm":2999,"minecraft:jump":1958,"minecraft:walk_on_water_one_cm":3800,"minecraft:total_world_time":83024,"minecraft:interact_with_furnace":7,"tombstone:raider_killed":3,"minecraft:sleep_in_bed":2,"minecraft:time_since_rest":22049,"minecraft:damage_taken":1242,"minecraft:trigger_trapped_chest":3,"minecraft:damage_dealt":11252,"minecraft:swim_one_cm":13429,"minecraft:fly_one_cm":478671,"minecraft:open_chest":8,"minecraft:crouch_one_cm":10518,"tombstone:undead_killed":16,"minecraft:fall_one_cm":46691},"minecraft:killed":{"minecraft:evoker":3,"born_in_chaos_v1:zombie_clown":2,"alexsmobs:hummingbird":1,"undead_revamp2:bomber":2,"minecraft:skeleton":1,"minecraft:horse":2,"minecraft:guardian":1,"alexsmobs:leafcutter_ant":1,"minecraft:chicken":4,"minecraft:turtle":1,"mowziesmobs:foliaath":1,"born_in_chaos_v1:bonescaller":1,"minecraft:pig":11,"born_in_chaos_v1:baby_skeleton":1,"minecraft:iron_golem":1,"born_in_chaos_v1:decrepit_skeleton":1,"minecraft:sheep":8,"undead_revamp2:slaveman":1,"enemyexpansion:meature":1,"minecraft:zombie":6,"born_in_chaos_v1:corpse_fly":4,"alexsmobs:maned_wolf":2,"born_in_chaos_v1:dark_vortex":1,"minecraft:cow":6},"minecraft:used":{"silentgear:sword":7,"minecraft:iron_sword":151,"minecraft:zombie_spawn_egg":4,"tombstone:lollipop":2,"minecraft:rotten_flesh":4,"minecraft:iron_chestplate":1,"minecraft:torch":29,"minecraft:mutton":8,"scalinghealth:heart_crystal":1,"minecraft:jungle_planks":4,"minecraft:wooden_axe":38,"silentgems:carnelian_ore":29,"minecraft:iron_axe":19,"silentgear:pickaxe":122,"minecraft:beef":2,"minecraft:furnace":1,"tombstone:gift":3,"minecraft:wooden_pickaxe":47,"minecraft:white_wool":1,"minecraft:crafting_table":2,"silentgear:axe":2,"minecraft:white_bed":1,"silentgems:summon_puppy":1,"minecraft:chicken":1,"minecraft:iron_pickaxe":40,"minecraft:bread":2,"minecraft:melon_slice":6,"minecraft:evoker_spawn_egg":3,"minecraft:diamond_sword":85,"minecraft:cobblestone":45,"minecraft:porkchop":8,"minecraft:experience_bottle":7,"minecraft:chainmail_leggings":1},"minecraft:dropped":{"born_in_chaos_v1:intoxicating_decoction":1,"minecraft:porkchop":3,"minecraft:wheat_seeds":2,"minecraft:jungle_planks":10,"minecraft:cracked_stone_bricks":2,"silentgear:blueprint_package":1,"minecraft:stick":2,"minecraft:polished_andesite":2,"minecraft:dirt":2,"tombstone:grave_dust":2,"minecraft:polished_andesite_stairs":2,"minecraft:trapped_chest":1,"minecraft:white_wool":2,"minecraft:cocoa_beans":4,"tombstone:gift":1,"minecraft:rotten_flesh":6,"born_in_chaos_v1:corpse_maggot":2,"minecraft:leather_boots":1},"minecraft:crafted":{"silentgear:pickaxe":2,"minecraft:oak_planks":8,"silentgear:axe":1,"minecraft:furnace":1,"minecraft:diamond":9,"minecraft:iron_axe":1,"minecraft:chest":1,"silentgear:sword":1,"silentgear:dried_sinew":6,"sophisticatedbackpacks:backpack":1,"silentgear:sinew_fiber":6,"minecraft:crafting_table":2,"minecraft:wooden_pickaxe":1,"minecraft:air":0,"minecraft:jungle_planks":32,"minecraft:diamond_pickaxe":1,"minecraft:stick":20,"minecraft:wooden_axe":1,"minecraft:white_bed":1,"minecraft:torch":32},"minecraft:picked_up":{"minecraft:cocoa_beans":7,"undead_revamp2:bostroxingot":6,"minecraft:seagrass":1,"minecraft:crafting_table":2,"minecraft:chicken":4,"born_in_chaos_v1:seedof_chaos":2,"minecraft:lead":2,"minecraft:enchanted_book":6,"silentgear:sinew":7,"born_in_chaos_v1:intoxicating_decoction":3,"minecraft:iron_leggings":1,"undead_revamp2:bostroxset_chestplate":1,"minecraft:cracked_stone_bricks":3,"minecraft:beef":11,"minecraft:melon_slice":6,"minecraft:sugar_cane":2,"minecraft:iron_boots":1,"minecraft:furnace":1,"minecraft:raw_iron":20,"apotheosis:gem":1,"minecraft:torch":8,"minecraft:porkchop":23,"tombstone:grave_dust":8,"tombstone:lollipop":3,"minecraft:tnt":4,"minecraft:rotten_flesh":19,"minecraft:totem_of_undying":3,"minecraft:gold_ingot":3,"minecraft:mutton":11,"minecraft:white_wool":9,"minecraft:cobblestone":142,"born_in_chaos_v1:corpse_maggot":2,"minecraft:feather":5,"minecraft:jungle_log":8,"minecraft:leather":7,"silentgear:blueprint_package":1,"minecraft:oak_log":9,"minecraft:gunpowder":1,"scalinghealth:heart_crystal":1,"minecraft:dirt":6,"tombstone:gift":1,"minecraft:bone":2,"minecraft:wheat_seeds":2,"minecraft:iron_ingot":9,"minecraft:glass_bottle":1,"minecraft:book":45,"minecraft:polished_andesite_stairs":3,"scalinghealth:heart_crystal_shard":2,"born_in_chaos_v1:ethereal_spirit":1,"minecraft:jungle_planks":11,"born_in_chaos_v1:dark_rod":1,"minecraft:white_bed":1,"minecraft:trapped_chest":1,"undead_revamp2:bostroxset_helmet":1,"minecraft:polished_andesite":3,"minecraft:diamond":2,"minecraft:iron_helmet":1,"minecraft:emerald":6,"minecraft:coal":38}},"DataVersion":3465}