{"stats":{"minecraft:killed_by":{"minecraft:enderman":1,"minecraft:iron_golem":1,"hmag:zombie_girl":1},"minecraft:crafted":{"silentgear:pickaxe":2,"minecraft:oak_planks":36,"silentgear:axe":1,"minecraft:furnace":1,"minecraft:diamond":9,"minecraft:iron_axe":1,"minecraft:chest":1,"silentgear:sword":1,"silentgear:dried_sinew":6,"sophisticatedbackpacks:backpack":1,"silentgear:sinew_fiber":6,"minecraft:crafting_table":2,"minecraft:wooden_pickaxe":1,"minecraft:air":0,"minecraft:jungle_planks":32,"minecraft:diamond_pickaxe":1,"minecraft:stick":80,"minecraft:wooden_axe":1,"minecraft:white_bed":1,"minecraft:torch":208},"minecraft:picked_up":{"hmag:lightning_particle":2,"minecraft:cocoa_beans":7,"undead_revamp2:bostroxingot":6,"minecraft:seagrass":1,"minecraft:iron_chestplate":2,"minecraft:crafting_table":2,"iceandfire:witherbone":1,"minecraft:chicken":4,"born_in_chaos_v1:seedof_chaos":2,"minecraft:lead":2,"minecraft:enchanted_book":7,"minecraft:shield":1,"silentgear:sinew":7,"minecraft:string":13,"born_in_chaos_v1:intoxicating_decoction":3,"minecraft:iron_leggings":1,"undead_revamp2:bostroxset_chestplate":1,"minecraft:cracked_stone_bricks":58,"minecraft:diamond_leggings":2,"minecraft:beef":11,"minecraft:melon_slice":6,"minecraft:sugar_cane":2,"minecraft:iron_boots":2,"minecraft:furnace":1,"minecraft:tipped_arrow":2,"minecraft:raw_iron":20,"apotheosis:gem":2,"minecraft:torch":12,"minecraft:porkchop":23,"tombstone:grave_dust":17,"tombstone:lollipop":9,"minecraft:tnt":4,"minecraft:arrow":30,"minecraft:rotten_flesh":32,"minecraft:nether_bricks":6,"relics:spatial_sign":3,"minecraft:gold_ingot":3,"minecraft:totem_of_undying":3,"minecraft:mutton":11,"minecraft:iron_bars":14,"minecraft:white_wool":9,"minecraft:cobblestone":149,"born_in_chaos_v1:corpse_maggot":2,"minecraft:feather":5,"born_in_chaos_v1:monster_flesh":2,"minecraft:jungle_log":8,"minecraft:leather":7,"silentgear:blueprint_package":1,"minecraft:oak_log":9,"minecraft:chainmail_chestplate":1,"minecraft:gunpowder":7,"scalinghealth:heart_crystal":4,"minecraft:dirt":6,"minecraft:paper":1,"tombstone:gift":3,"minecraft:bone":17,"minecraft:stone_bricks":2,"minecraft:wheat_seeds":4,"minecraft:iron_ingot":9,"minecraft:mossy_stone_bricks":2,"minecraft:glass_bottle":4,"minecraft:oak_planks":4,"minecraft:book":81,"minecraft:polished_andesite_stairs":3,"scalinghealth:heart_crystal_shard":2,"born_in_chaos_v1:ethereal_spirit":2,"minecraft:gravel":7,"minecraft:jungle_planks":11,"born_in_chaos_v1:dark_rod":1,"minecraft:white_bed":1,"minecraft:spruce_log":2,"minecraft:trapped_chest":1,"minecraft:spider_eye":8,"undead_revamp2:bostroxset_helmet":1,"minecraft:polished_andesite":3,"minecraft:diamond":2,"undead_revamp2:beespheromones":1,"minecraft:chainmail_leggings":2,"minecraft:iron_helmet":3,"minecraft:granite":1,"minecraft:emerald":6,"minecraft:coal":41,"minecraft:ender_pearl":2},"minecraft:dropped":{"undead_revamp2:beespheromones":1,"born_in_chaos_v1:intoxicating_decoction":1,"minecraft:porkchop":3,"minecraft:wheat_seeds":4,"minecraft:glass_bottle":5,"minecraft:diamond_leggings":2,"minecraft:iron_helmet":2,"minecraft:cobblestone":66,"minecraft:jungle_planks":10,"minecraft:cracked_stone_bricks":56,"silentgear:blueprint_package":1,"minecraft:polished_andesite":2,"minecraft:stick":2,"minecraft:dirt":2,"hmag:lightning_particle":2,"tombstone:grave_dust":3,"minecraft:polished_andesite_stairs":2,"minecraft:chainmail_leggings":2,"minecraft:paper":2,"minecraft:trapped_chest":1,"minecraft:white_wool":2,"minecraft:cocoa_beans":4,"tombstone:gift":2,"minecraft:rotten_flesh":14,"minecraft:iron_boots":1,"minecraft:nether_bricks":4,"minecraft:chainmail_chestplate":1,"minecraft:tipped_arrow":1,"minecraft:iron_chestplate":1,"born_in_chaos_v1:corpse_maggot":2,"minecraft:leather_boots":1,"minecraft:spider_eye":4,"minecraft:spruce_log":1,"minecraft:iron_bars":2,"minecraft:arrow":7,"minecraft:beef":1,"relics:spatial_sign":3},"minecraft:broken":{"minecraft:iron_helmet":1},"minecraft:mined":{"minecraft:spruce_planks":1,"minecraft:white_bed":1,"minecraft:mossy_cobblestone":1,"silentgear:wild_flax_plant":1,"minecraft:nether_bricks":4,"minecraft:granite":1,"minecraft:grass_block":1,"minecraft:jungle_planks":1,"minecraft:jungle_log":8,"minecraft:spawner":1,"minecraft:furnace":1,"minecraft:iron_ore":20,"minecraft:bookshelf":27,"minecraft:vine":3,"minecraft:iron_bars":14,"minecraft:stone":145,"minecraft:crafting_table":2,"minecraft:torch":5,"minecraft:emerald_ore":1,"minecraft:polished_andesite_stairs":1,"minecraft:melon":2,"minecraft:tall_grass":3,"minecraft:cobblestone":6,"minecraft:sugar_cane":2,"minecraft:wall_torch":2,"minecraft:trapped_chest":1,"minecraft:wheat":1,"minecraft:tnt":4,"minecraft:grass":71,"minecraft:coal_ore":42,"minecraft:oak_log":9,"minecraft:gravel":2,"minecraft:dirt":5,"minecraft:cracked_stone_bricks":2,"minecraft:stone_bricks":2,"minecraft:polished_andesite":1,"minecraft:mossy_stone_bricks":2,"minecraft:fern":7},"minecraft:killed":{"born_in_chaos_v1:zombie_clown":2,"minecraft:evoker":3,"alexsmobs:hummingbird":1,"minecraft:cave_spider":1,"minecraft:spider":12,"undead_revamp2:bomber":2,"enemyexpansion:direwolf":2,"undead_revamp2:theswarmer":1,"born_in_chaos_v1:maggot":1,"minecraft:skeleton":14,"born_in_chaos_v1:baby_spider":1,"minecraft:horse":2,"hmag:zombie_girl":1,"minecraft:guardian":1,"minecraft:bee":1,"alexsmobs:leafcutter_ant":1,"minecraft:chicken":4,"minecraft:silverfish":2,"undead_revamp2:therod":1,"minecraft:turtle":1,"mowziesmobs:foliaath":1,"born_in_chaos_v1:bonescaller":1,"minecraft:pig":11,"born_in_chaos_v1:baby_skeleton":2,"minecraft:iron_golem":1,"minecraft:bat":1,"enemyexpansion:sprinter":1,"majruszsdifficulty:cursed_armor":2,"minecraft:creeper":2,"born_in_chaos_v1:decrepit_skeleton":1,"minecraft:sheep":8,"enemyexpansion:meature":1,"undead_revamp2:slaveman":1,"minecraft:zombie":18,"born_in_chaos_v1:dread_hound":3,"enemyexpansion:vampire":1,"born_in_chaos_v1:corpse_fly":4,"alexsmobs:maned_wolf":2,"enemyexpansion:botfly":5,"born_in_chaos_v1:dark_vortex":2,"minecraft:stray":6,"minecraft:wither_skeleton":3,"minecraft:enderman":5,"minecraft:cow":6},"minecraft:custom":{"minecraft:mob_kills":147,"minecraft:interact_with_crafting_table":9,"minecraft:open_barrel":10,"minecraft:damage_dealt_resisted":10612,"minecraft:eat_cake_slice":1,"minecraft:leave_game":20,"minecraft:time_since_death":6458,"minecraft:climb_one_cm":2891,"minecraft:damage_resisted":205,"minecraft:sprint_one_cm":444196,"minecraft:walk_one_cm":267930,"minecraft:damage_blocked_by_shield":527,"minecraft:drop":76,"tombstone:eaten_lollipop":5,"minecraft:damage_dealt_absorbed":6273,"minecraft:talked_to_villager":1,"minecraft:play_time":153514,"minecraft:sneak_time":5009,"minecraft:deaths":3,"minecraft:walk_under_water_one_cm":2999,"minecraft:jump":2867,"minecraft:walk_on_water_one_cm":4855,"minecraft:total_world_time":153514,"minecraft:interact_with_furnace":8,"tombstone:raider_killed":3,"minecraft:sleep_in_bed":2,"minecraft:time_since_rest":6371,"minecraft:damage_taken":4843,"minecraft:damage_absorbed":40,"minecraft:trigger_trapped_chest":3,"minecraft:damage_dealt":26728,"minecraft:swim_one_cm":13429,"minecraft:fly_one_cm":628823,"minecraft:open_chest":145,"minecraft:crouch_one_cm":13456,"tombstone:undead_killed":56,"minecraft:fall_one_cm":47862},"minecraft:used":{"silentgear:sword":185,"minecraft:iron_bars":10,"minecraft:shield":12,"minecraft:iron_sword":151,"minecraft:zombie_spawn_egg":4,"tombstone:lollipop":5,"minecraft:cooked_chicken":2,"minecraft:rotten_flesh":4,"minecraft:iron_chestplate":1,"minecraft:torch":337,"minecraft:mutton":8,"scalinghealth:heart_crystal":5,"minecraft:nether_bricks":2,"minecraft:jungle_planks":4,"minecraft:wooden_axe":38,"hmag:bat_stew":1,"silentgems:carnelian_ore":29,"hmag:exp_berry":6,"minecraft:iron_axe":19,"silentgear:pickaxe":148,"minecraft:golden_carrot":5,"minecraft:beef":7,"minecraft:furnace":1,"tombstone:gift":5,"minecraft:cooked_beef":2,"minecraft:oak_planks":5,"minecraft:wooden_pickaxe":47,"scalinghealth:chance_heart":3,"minecraft:cracked_stone_bricks":5,"minecraft:golden_apple":1,"minecraft:white_wool":1,"minecraft:crafting_table":2,"silentgear:axe":16,"minecraft:white_bed":1,"silentgems:summon_puppy":1,"minecraft:diamond_pickaxe":10,"minecraft:apple":1,"scalinghealth:enchanted_heart":1,"minecraft:chicken":1,"minecraft:iron_pickaxe":40,"minecraft:melon_slice":6,"minecraft:bread":4,"tombstone:grave_key":1,"minecraft:evoker_spawn_egg":3,"minecraft:diamond_sword":478,"minecraft:potion":4,"minecraft:cobblestone":51,"minecraft:porkchop":8,"minecraft:cooked_porkchop":2,"minecraft:experience_bottle":7,"minecraft:chainmail_leggings":1}},"DataVersion":3465}