{"stats":{"minecraft:custom":{"minecraft:time_since_rest":16482,"minecraft:sprint_one_cm":10466,"minecraft:walk_one_cm":10713,"minecraft:mob_kills":21,"minecraft:drop":3,"minecraft:damage_dealt":3358,"minecraft:fly_one_cm":55946,"minecraft:crouch_one_cm":264,"minecraft:play_time":16482,"tombstone:undead_killed":7,"minecraft:sneak_time":81,"minecraft:jump":301,"minecraft:damage_dealt_resisted":114,"minecraft:leave_game":3,"minecraft:time_since_death":16482,"minecraft:total_world_time":16482,"minecraft:climb_one_cm":548},"minecraft:killed":{"minecraft:sheep":2,"minecraft:skeleton":1,"born_in_chaos_v1:bonescaller":1,"minecraft:zombie":2,"minecraft:pig":4,"minecraft:chicken":3,"born_in_chaos_v1:baby_skeleton":1,"born_in_chaos_v1:dark_vortex":1,"minecraft:turtle":1,"mowziesmobs:foliaath":1,"undead_revamp2:bomber":2},"minecraft:used":{"silentgems:summon_puppy":1,"silentgems:carnelian_ore":29,"minecraft:iron_sword":6,"minecraft:zombie_spawn_egg":1,"minecraft:diamond_sword":37,"minecraft:porkchop":4},"minecraft:mined":{"minecraft:grass":2},"minecraft:picked_up":{"minecraft:seagrass":1,"minecraft:feather":5,"minecraft:chicken":3,"born_in_chaos_v1:seedof_chaos":2,"born_in_chaos_v1:ethereal_spirit":1,"minecraft:porkchop":10,"born_in_chaos_v1:dark_rod":1,"tombstone:grave_dust":4,"minecraft:gunpowder":1,"minecraft:bone":1,"minecraft:rotten_flesh":2,"minecraft:glass_bottle":1,"minecraft:mutton":3,"minecraft:white_wool":3},"minecraft:dropped":{"minecraft:porkchop":3,"minecraft:white_wool":2}},"DataVersion":3465}