{"stats":{"minecraft:dropped":{"minecraft:porkchop":3,"minecraft:white_wool":2},"minecraft:used":{"silentgems:summon_puppy":1,"silentgems:carnelian_ore":29,"minecraft:iron_sword":6,"minecraft:zombie_spawn_egg":3,"minecraft:evoker_spawn_egg":2,"minecraft:diamond_sword":59,"minecraft:porkchop":4},"minecraft:picked_up":{"undead_revamp2:bostroxingot":6,"minecraft:seagrass":1,"minecraft:feather":5,"minecraft:chicken":3,"born_in_chaos_v1:seedof_chaos":2,"born_in_chaos_v1:ethereal_spirit":1,"minecraft:porkchop":10,"born_in_chaos_v1:dark_rod":1,"tombstone:grave_dust":4,"minecraft:gunpowder":1,"tombstone:lollipop":1,"undead_revamp2:bostroxset_chestplate":1,"minecraft:iron_leggings":1,"undead_revamp2:bostroxset_helmet":1,"minecraft:bone":2,"minecraft:rotten_flesh":3,"minecraft:diamond":2,"minecraft:iron_ingot":4,"minecraft:totem_of_undying":2,"minecraft:gold_ingot":3,"minecraft:emerald":1,"minecraft:glass_bottle":1,"minecraft:mutton":3,"minecraft:white_wool":3},"minecraft:killed":{"minecraft:sheep":2,"minecraft:skeleton":1,"minecraft:evoker":2,"undead_revamp2:slaveman":1,"born_in_chaos_v1:bonescaller":1,"minecraft:zombie":4,"minecraft:pig":4,"minecraft:chicken":3,"born_in_chaos_v1:baby_skeleton":1,"born_in_chaos_v1:dark_vortex":1,"minecraft:turtle":1,"mowziesmobs:foliaath":1,"undead_revamp2:bomber":2},"minecraft:custom":{"minecraft:time_since_rest":20523,"minecraft:sprint_one_cm":13544,"minecraft:walk_one_cm":14580,"minecraft:mob_kills":26,"minecraft:drop":3,"tombstone:raider_killed":2,"minecraft:damage_dealt":4439,"minecraft:fly_one_cm":65314,"minecraft:crouch_one_cm":264,"minecraft:play_time":20523,"tombstone:undead_killed":10,"minecraft:sneak_time":81,"minecraft:jump":381,"minecraft:damage_dealt_resisted":114,"minecraft:leave_game":8,"minecraft:time_since_death":20523,"minecraft:total_world_time":20523,"minecraft:climb_one_cm":548},"minecraft:mined":{"minecraft:grass":2}},"DataVersion":3465}