{"stats":{"minecraft:used":{"minecraft:stone_sword":18,"minecraft:zombie_spawn_egg":1,"minecraft:grass_block":35},"minecraft:picked_up":{"minecraft:rotten_flesh":5},"minecraft:custom":{"minecraft:jump":62,"minecraft:time_since_rest":8213,"minecraft:damage_dealt":799,"minecraft:leave_game":1,"minecraft:sprint_one_cm":2140,"minecraft:play_time":8213,"minecraft:walk_on_water_one_cm":163,"minecraft:time_since_death":8213,"minecraft:walk_one_cm":2614,"minecraft:climb_one_cm":144,"minecraft:total_world_time":8213,"minecraft:mob_kills":5,"minecraft:drop":2,"minecraft:fall_one_cm":870,"minecraft:fly_one_cm":53274},"minecraft:dropped":{"minecraft:stone_sword":1,"minecraft:grass_block":1},"minecraft:killed":{"minecraft:squid":2,"minecraft:zombie":3}},"DataVersion":3700}