{"stats":{"minecraft:custom":{"minecraft:jump":24,"minecraft:time_since_rest":6778,"minecraft:damage_dealt":280,"minecraft:leave_game":1,"minecraft:sprint_one_cm":439,"minecraft:play_time":6778,"minecraft:time_since_death":6778,"minecraft:walk_one_cm":471,"minecraft:sneak_time":8,"minecraft:climb_one_cm":24,"minecraft:total_world_time":6778,"minecraft:mob_kills":4,"minecraft:fly_one_cm":11207},"minecraft:used":{"minecraft:iron_sword":6},"minecraft:mined":{"minecraft:grass":2},"minecraft:picked_up":{"minecraft:porkchop":1,"minecraft:feather":3,"minecraft:chicken":2},"minecraft:killed":{"minecraft:pig":2,"minecraft:chicken":2}},"DataVersion":3465}