{"stats":{"minecraft:mined":{"undead_revamp2:arapholia":2,"silentgems:ruby_ore":11,"minecraft:acacia_leaves":1,"iceandfire:silver_ore":8,"born_in_chaos_v1:infected_diamond_ore":1,"minecraft:torch":1,"minecraft:granite":17,"silentgems:sapphire_glowrose":2,"minecraft:acacia_log":16,"silentgems:peridot_glowrose":2,"minecraft:grass_block":43,"minecraft:melon":13,"minecraft:jungle_planks":1,"minecraft:jungle_log":14,"minecraft:tall_grass":5,"minecraft:cobblestone":7,"minecraft:lapis_ore":4,"minecraft:diorite":2,"minecraft:wall_torch":4,"minecraft:iron_ore":36,"minecraft:barrel":1,"minecraft:andesite":15,"minecraft:pumpkin":1,"minecraft:grass":105,"silentgems:alexandrite_glowrose":3,"minecraft:coal_ore":52,"minecraft:vine":6,"minecraft:dirt":35,"minecraft:stone":245,"minecraft:gold_ore":1,"minecraft:green_bed":1,"minecraft:oak_leaves":1,"minecraft:fern":14},"minecraft:picked_up":{"iceandfire:dragon_skull_lightning":1,"born_in_chaos_v1:corpse_maggot":1,"born_in_chaos_v1:diamond_termite_shard":4,"minecraft:feather":8,"minecraft:chicken":4,"born_in_chaos_v1:monster_flesh":1,"minecraft:andesite":15,"minecraft:jungle_log":13,"silentgems:sapphire_glowrose":1,"artifacts:chorus_totem":1,"scalinghealth:heart_crystal":1,"minecraft:lapis_lazuli":33,"minecraft:dirt":75,"minecraft:bone":6,"minecraft:wheat_seeds":12,"minecraft:raw_gold":1,"silentgems:ruby":11,"silentgems:peridot_glowrose":1,"minecraft:iron_ingot":8,"silentgems:alexandrite_glowrose":2,"minecraft:melon_slice":59,"minecraft:iron_sword":1,"minecraft:iron_boots":1,"minecraft:egg":2,"minecraft:raw_iron":35,"apotheosis:gem":1,"minecraft:acacia_log":15,"minecraft:green_bed":1,"minecraft:dandelion":1,"minecraft:torch":4,"born_in_chaos_v1:ethereal_spirit":2,"minecraft:porkchop":2,"minecraft:jungle_planks":1,"tombstone:grave_dust":2,"minecraft:diorite":2,"minecraft:white_bed":1,"minecraft:barrel":1,"minecraft:rotten_flesh":6,"born_in_chaos_v1:fire_dust":2,"minecraft:granite":17,"minecraft:oak_sapling":1,"undead_revamp2:arapholia":1,"minecraft:mutton":2,"minecraft:coal":50,"minecraft:white_wool":4,"iceandfire:raw_silver":7,"minecraft:cobblestone":249},"minecraft:broken":{"minecraft:stone_pickaxe":2,"minecraft:stone_sword":1,"minecraft:wooden_pickaxe":1},"minecraft:crafted":{"minecraft:cooked_beef":7,"minecraft:cyan_dye":2,"iceandfire:silver_ingot":29,"minecraft:cooked_porkchop":4,"minecraft:purple_bed":1,"minecraft:crafting_table":3,"minecraft:wooden_pickaxe":1,"minecraft:cooked_chicken":4,"minecraft:iron_sword":1,"minecraft:stone_axe":1,"minecraft:jungle_planks":52,"minecraft:blue_dye":1,"minecraft:green_dye":1,"iceandfire:armor_silver_metal_helmet":1,"minecraft:iron_chestplate":1,"minecraft:purple_dye":1,"iceandfire:armor_silver_metal_leggings":1,"minecraft:iron_axe":1,"born_in_chaos_v1:fried_maggot":1,"minecraft:stick":28,"minecraft:iron_ingot":54,"minecraft:stone_pickaxe":2,"minecraft:stone_sword":2,"minecraft:chest":1,"minecraft:iron_leggings":1,"minecraft:torch":48,"iceandfire:silver_sword":1},"minecraft:killed_by":{"minecraft:zombie_villager":2,"born_in_chaos_v1:diamond_termite":1,"minecraft:spider":1,"minecraft:zombie":1,"born_in_chaos_v1:scarlet_persecutor":6,"born_in_chaos_v1:fallen_chaos_knight":2},"minecraft:used":{"minecraft:stone_sword":326,"minecraft:stone_pickaxe":251,"minecraft:chest":1,"minecraft:wooden_pickaxe":192,"minecraft:iron_sword":179,"minecraft:green_bed":1,"minecraft:torch":52,"minecraft:dirt":76,"minecraft:crafting_table":3,"minecraft:jungle_planks":1,"minecraft:iron_axe":24,"minecraft:bread":3,"minecraft:iron_pickaxe":56,"minecraft:melon_slice":12,"tombstone:grave_key":1,"minecraft:stone_axe":42,"minecraft:cobblestone":51,"minecraft:purple_bed":1,"minecraft:cooked_porkchop":2,"minecraft:andesite":5,"tombstone:gift":4},"minecraft:dropped":{"minecraft:iron_sword":1,"minecraft:cooked_chicken":4,"born_in_chaos_v1:fried_maggot":1,"minecraft:cobblestone":3,"minecraft:jungle_planks":3,"apotheosis:gem":1,"minecraft:white_wool":4},"minecraft:killed":{"minecraft:pig":1,"born_in_chaos_v1:diamond_termite":4,"born_in_chaos_v1:baby_skeleton":2,"mowziesmobs:umvuthana_follower_raptor":1,"born_in_chaos_v1:maggot":1,"born_in_chaos_v1:scarlet_persecutor":2,"minecraft:sheep":1,"hmag:zombie_girl":1,"minecraft:zombie":1,"born_in_chaos_v1:dread_hound":1,"minecraft:chicken":4,"undead_revamp2:thehorrors":1,"artifacts:mimic":1,"born_in_chaos_v1:firelight_not_despawn":1},"minecraft:custom":{"minecraft:interact_with_furnace":43,"minecraft:mob_kills":22,"minecraft:interact_with_crafting_table":41,"minecraft:open_barrel":12,"minecraft:damage_dealt_resisted":230,"minecraft:leave_game":3,"minecraft:time_since_death":362,"minecraft:climb_one_cm":4375,"minecraft:damage_resisted":0,"minecraft:waystone_activated":1,"minecraft:time_since_rest":188,"minecraft:sprint_one_cm":292997,"minecraft:damage_taken":4567,"minecraft:walk_one_cm":576567,"minecraft:drop":15,"minecraft:damage_dealt":4490,"minecraft:damage_dealt_absorbed":182,"minecraft:fly_one_cm":245861,"minecraft:open_chest":39,"minecraft:crouch_one_cm":230,"minecraft:play_time":106041,"tombstone:undead_killed":5,"minecraft:deaths":13,"minecraft:sneak_time":54,"minecraft:jump":2229,"minecraft:interact_with_blast_furnace":4,"minecraft:total_world_time":106041,"minecraft:fall_one_cm":35152}},"DataVersion":3465}