{"stats":{"minecraft:broken":{"minecraft:iron_boots":2,"iceandfire:armor_green_helmet":1,"iceandfire:armor_black_boots":1,"minecraft:chainmail_leggings":1,"iceandfire:armor_black_helmet":1,"minecraft:stone_sword":1,"minecraft:shield":1,"iceandfire:armor_green_chestplate":1,"minecraft:turtle_helmet":1,"iceandfire:armor_green_leggings":1,"minecraft:stone_pickaxe":3,"minecraft:stone_axe":2,"iceandfire:armor_green_boots":1},"minecraft:dropped":{"minecraft:glass_bottle":4,"minecraft:crossbow":1,"minecraft:glow_berries":1,"minecraft:cracked_stone_bricks":1,"born_in_chaos_v1:pieceofdarkmetal":15,"born_in_chaos_v1:nightmare_claw":4,"artifacts:universal_attractor":1,"minecraft:leather_helmet":3,"born_in_chaos_v1:monster_flesh":31,"minecraft:dirt":62,"minecraft:sand":32,"gobber2:gobber2_goo":1,"majruszsdifficulty:tattered_leggings":2,"minecraft:bone":7,"tombstone:lollipop":2,"minecraft:stone_axe":1,"minecraft:sugar_cane":2,"minecraft:iron_nugget":2,"alexsmobs:animal_dictionary":1,"minecraft:cobbled_deepslate":171,"alexscaves:cave_tablet":30,"tombstone:gift":1,"minecraft:rotten_flesh":62,"minecraft:oak_planks":7,"silentgear:sword":1,"minecraft:tipped_arrow":2,"born_in_chaos_v1:fangofthe_hound_leader":4,"silentgear:stone_rod":4,"apotheosis:gem":26,"minecraft:leather_boots":2,"minecraft:leather_leggings":1,"minecraft:white_dye":1,"minecraft:beef":8,"born_in_chaos_v1:intoxicating_decoction":3,"born_in_chaos_v1:shattered_skull":1,"minecraft:wheat_seeds":63,"minecraft:golden_horse_armor":3,"minecraft:iron_helmet":2,"minecraft:feather":6,"minecraft:cobblestone":660,"minecraft:granite":86,"minecraft:chainmail_helmet":1,"minecraft:coal":1,"minecraft:acacia_sign":2,"minecraft:jungle_slab":4,"born_in_chaos_v1:gnawed_bones":1,"hmag:lightning_particle":3,"minecraft:potion":2,"minecraft:chainmail_leggings":2,"minecraft:iron_shovel":1,"minecraft:paper":5,"minecraft:string":8,"tombstone:voodoo_poppet":1,"silentgear:pickaxe":2,"minecraft:moss_carpet":6,"hmag:soul_powder":1,"alexsmobs:acacia_blossom":1,"minecraft:player_head":3,"silentgear:hammer":1,"minecraft:stone_sword":4,"minecraft:cocoa_beans":40,"minecraft:sticky_piston":22,"iceandfire:armor_black_leggings":1,"scalinghealth:power_crystal_shard":5,"minecraft:cobblestone_slab":6,"minecraft:hay_block":10,"minecraft:bundle":4,"minecraft:diamond_pickaxe":1,"minecraft:spider_eye":1,"minecraft:barrel":3,"minecraft:stone_bricks":1,"minecraft:bow":5,"iceandfire:crackled_stone":3,"scalinghealth:bandages":2,"majruszsdifficulty:tattered_helmet":1,"silentgems:topaz":36,"minecraft:jungle_planks":22,"alexsmobs:bison_fur":7,"minecraft:flint":2,"born_in_chaos_v1:monster_skin":1,"majruszsdifficulty:tattered_boots":1,"minecraft:jungle_sign":1,"minecraft:axolotl_bucket":2,"minecraft:gravel":61,"majruszsdifficulty:tattered_chestplate":3,"undead_revamp2:suckermemebrane":4,"hmag:fire_bottle":2,"born_in_chaos_v1:ethereal_spirit":7,"minecraft:cooked_mutton":3,"gobber2:gobber2_staff_ensnarement":1,"minecraft:chainmail_chestplate":2,"minecraft:leather_chestplate":3,"minecraft:turtle_helmet":5,"born_in_chaos_v1:seedof_chaos":3,"minecraft:gunpowder":3,"silentgems:heliodor_glowrose":4,"minecraft:skeleton_skull":2,"minecraft:beetroot_seeds":2,"minecraft:melon_seeds":2,"born_in_chaos_v1:corpse_maggot":9,"minecraft:azalea":1,"minecraft:chainmail_boots":1,"silentgear:leather_scrap":3,"minecraft:arrow":12,"alexsmobs:banana":23,"undead_revamp2:rawbostrox":1,"iceandfire:chared_grass":1,"minecraft:written_book":1,"minecraft:oak_leaves":15,"minecraft:netherrack":39,"minecraft:bread":64,"relics:spore_sack":2,"born_in_chaos_v1:orbofthe_summoner":1,"silentgems:ruby_glowrose":1,"silentgems:turquoise":2,"iceandfire:lightning_dragon_flesh":3,"minecraft:stick":42,"scalinghealth:medkit":2,"minecraft:diorite":12,"iceandfire:dragonscales_black":2,"iceandfire:crackled_dirt":7,"tombstone:magic_scroll":1,"minecraft:torch":20,"scalinghealth:heart_crystal":4,"born_in_chaos_v1:fused_bone":2,"born_in_chaos_v1:stimulating_decoction":2,"tombstone:grave_dust":28,"iceandfire:armor_black_helmet":1,"minecraft:jungle_leaves":1,"iceandfire:crackled_grass":1,"minecraft:wither_rose":1,"minecraft:flowering_azalea":2,"minecraft:iron_axe":1,"minecraft:dandelion":3,"minecraft:redstone":3,"minecraft:oak_trapdoor":1,"iceandfire:lightning_dragon_heart":1,"minecraft:raw_copper":18,"minecraft:tuff":40,"born_in_chaos_v1:smoked_monster_flesh":8,"iceandfire:dragonbone_sword_fire":1,"minecraft:stripped_oak_log":2,"silentgear:fluffy_seeds":5,"minecraft:iron_chestplate":2,"minecraft:andesite":13,"minecraft:mossy_stone_bricks":1,"minecraft:diamond_boots":1,"iceandfire:armor_black_chestplate":1,"minecraft:slime_ball":1,"minecraft:wooden_pickaxe":6},"minecraft:crafted":{"easy_villagers:incubator":1,"javd:portal_block":1,"minecraft:bookshelf":6,"minecraft:cooked_mutton":7,"minecraft:glass":73,"iceandfire:armor_black_helmet":1,"easy_villagers:trader":9,"minecraft:magenta_dye":1,"scalinghealth:power_crystal":3,"minecraft:glass_bottle":3,"minecraft:emerald":296,"gobber2:gobber2_ingot":15,"silentgear:saw_blade":1,"minecraft:acacia_slab":2,"minecraft:smithing_table":1,"gobber2:gobber2_rod":3,"minecraft:fletching_table":2,"iceandfire:armor_green_chestplate":1,"minecraft:lectern":6,"born_in_chaos_v1:smoked_flesh":12,"silentgear:saw_blueprint":1,"minecraft:iron_pickaxe":1,"minecraft:iron_block":5,"iceandfire:dragon_horn":1,"minecraft:composter":1,"minecraft:jungle_sign":4,"silentgear:pickaxe":3,"iceandfire:armor_green_leggings":1,"iceandfire:dragonbone_sword_fire":2,"sophisticatedbackpacks:stack_upgrade_tier_1":1,"minecraft:bone_meal":125,"minecraft:pink_dye":2,"born_in_chaos_v1:smoked_monster_flesh":24,"gobber2:gobber2_glob":15,"minecraft:stone_pickaxe":5,"silentgear:sword":1,"iceandfire:armor_black_chestplate":1,"minecraft:wheat":252,"constructionwand:diamond_wand":2,"silentgear:saw":1,"iceandfire:dragonbone_sword":3,"iceandfire:armor_black_boots":1,"sophisticatedbackpacks:gold_backpack":1,"minecraft:enchanted_book":7,"minecraft:jungle_slab":18,"silentgear:hammer_blueprint":1,"minecraft:acacia_sign":3,"minecraft:white_bed":5,"minecraft:oak_planks":64,"minecraft:cobblestone_slab":6,"minecraft:stone":3,"minecraft:hopper":1,"iceandfire:dragonbone_sword_lightning":1,"silentgear:rough_rod":4,"silentgear:stone_rod":4,"iceandfire:armor_green_helmet":1,"minecraft:chest":4,"minecraft:stone_bricks":4,"alexscaves:cave_book":1,"minecraft:smoker":4,"minecraft:arrow":64,"sophisticatedbackpacks:backpack":1,"minecraft:crafting_table":11,"minecraft:wooden_pickaxe":1,"silentgear:excavator":1,"sophisticatedbackpacks:upgrade_base":1,"silentgear:blueprint_paper":16,"minecraft:tnt":3,"minecraft:paper":18,"minecraft:purple_dye":1,"sophisticatedbackpacks:diamond_backpack":1,"gobber2:gobber2_ring_return":1,"minecraft:stick":4918,"minecraft:iron_ingot":82,"minecraft:stone_sword":2,"silentgear:excavator_head":1,"silentgear:hammer_head":2,"minecraft:coal":18,"silentgear:rod":8,"minecraft:furnace":5,"minecraft:glass_pane":20,"minecraft:flint_and_steel":1,"minecraft:leather":10,"gobber2:gobber2_ring_farmer":1,"sophisticatedbackpacks:iron_backpack":1,"minecraft:red_dye":13,"minecraft:magenta_bed":4,"iceandfire:armor_black_leggings":1,"minecraft:diamond_sword":2,"iceandfire:dragon_meal":5,"gobber2:gobber2_ring":2,"scalinghealth:heart_crystal":2,"minecraft:bucket":2,"minecraft:stone_axe":2,"minecraft:bread":372,"minecraft:air":10604,"minecraft:jungle_planks":2540,"gobber2:gobber2_staff_ensnarement":2,"minecraft:blue_dye":6,"minecraft:white_wool":11,"minecraft:gold_nugget":9,"minecraft:white_dye":3,"silentgear:excavator_blueprint":1,"easy_villagers:breeder":1,"minecraft:anvil":1,"silentgear:hammer":2,"minecraft:acacia_planks":160,"minecraft:torch":275,"iceandfire:armor_green_boots":1},"minecraft:picked_up":{"silentgear:raw_crimson_iron":7,"minecraft:iron_chestplate":2,"easy_villagers:breeder":1,"minecraft:chainmail_boots":2,"iceandfire:copper_sword":1,"minecraft:anvil":1,"minecraft:lead":2,"minecraft:wither_rose":1,"minecraft:enchanted_book":3,"iceandfire:manuscript":10,"minecraft:music_disc_cat":1,"minecraft:string":48,"born_in_chaos_v1:mesh_door":2,"minecraft:cobbled_deepslate":452,"minecraft:written_book":1,"minecraft:melon_slice":20,"minecraft:coal_block":2,"silentgems:heliodor_glowrose":6,"silentgear:saw_blueprint":1,"artifacts:universal_attractor":1,"undead_revamp2:suckermemebrane":8,"born_in_chaos_v1:shattered_skull":1,"minecraft:acacia_log":44,"iceandfire:lightning_dragon_flesh":3,"easy_villagers:villager":3,"minecraft:zombie_spawn_egg":2,"minecraft:stone_sword":2,"iceandfire:fire_dragon_heart":1,"minecraft:blue_dye":1,"iceandfire:dragonscales_black":54,"minecraft:magma_block":1,"minecraft:feather":6,"minecraft:jungle_log":1405,"minecraft:smoker":1,"alexsmobs:bison_fur":7,"minecraft:flint":16,"born_in_chaos_v1:marigolds":3,"minecraft:chipped_anvil":1,"gobber2:gobber2_globette":135,"gobber2:gobber2_staff_ensnarement":1,"iceandfire:dragon_skull_fire":6,"iceandfire:lightning_dragon_heart":3,"alexsmobs:animal_dictionary":1,"minecraft:barrel":6,"undead_revamp2:heavytooth":1,"minecraft:bundle":6,"iceandfire:crackled_stone":3,"minecraft:granite":103,"minecraft:chainmail_helmet":1,"minecraft:golden_horse_armor":3,"minecraft:bread":7,"minecraft:cyan_dye":2,"minecraft:diamond_pickaxe":1,"iceandfire:dragon_skull_lightning":5,"minecraft:crafting_table":4,"iceandfire:witherbone":4,"born_in_chaos_v1:smoked_monster_flesh":2,"minecraft:clay_ball":20,"born_in_chaos_v1:seedof_chaos":4,"minecraft:leather_leggings":2,"born_in_chaos_v1:intoxicating_decoction":4,"minecraft:iron_shovel":4,"minecraft:cracked_stone_bricks":2,"minecraft:beef":54,"born_in_chaos_v1:gnawed_bones":4,"minecraft:jungle_sapling":100,"minecraft:iron_nugget":2,"minecraft:chest":1,"minecraft:egg":3,"minecraft:stone":24,"minecraft:oak_door":1,"farmersdelight:tomato_seeds":5,"born_in_chaos_v1:pieceofdarkmetal":15,"minecraft:carrot":1,"minecraft:redstone":213,"minecraft:jungle_sign":2,"mowziesmobs:umvuthana_mask_faith":1,"minecraft:hay_block":38,"majruszsdifficulty:soul_jar":2,"minecraft:glow_berries":2,"minecraft:mutton":12,"minecraft:white_wool":3,"minecraft:bone_block":20,"minecraft:lapis_ore":4,"minecraft:stripped_oak_log":4,"born_in_chaos_v1:monster_flesh":61,"silentgems:black_diamond":11,"alexsmobs:acacia_blossom":2,"majruszsdifficulty:tattered_helmet":1,"minecraft:oak_log":17,"scalinghealth:bandages":24,"minecraft:golden_boots":1,"relics:spore_sack":1,"tombstone:gift":2,"minecraft:paper":7,"scalinghealth:medkit":3,"minecraft:white_banner":1,"hmag:fire_bottle":4,"minecraft:stone_bricks":13,"majruszsdifficulty:tattered_leggings":2,"minecraft:stone_pickaxe":1,"scalinghealth:power_crystal_shard":36,"tombstone:bag_of_seeds":7,"minecraft:glass_bottle":17,"minecraft:iron_sword":1,"minecraft:flowering_azalea":2,"silentgems:turquoise":2,"iceandfire:chared_stone":14,"born_in_chaos_v1:orbofthe_summoner":2,"born_in_chaos_v1:ethereal_spirit":14,"minecraft:gravel":153,"born_in_chaos_v1:fangofthe_hound_leader":5,"minecraft:leather_helmet":2,"minecraft:slime_ball":7,"born_in_chaos_v1:black_argillite_brick_slab":5,"minecraft:stone_axe":3,"minecraft:warped_roots":1,"minecraft:hopper":1,"minecraft:ender_pearl":6,"hmag:lightning_particle":3,"minecraft:nether_brick_fence":1,"alexscaves:cave_tablet":24,"minecraft:potion":2,"silentgear:sinew":4,"minecraft:raw_copper":18,"minecraft:sticky_piston":22,"minecraft:experience_bottle":5,"alexsmobs:banana":18,"minecraft:bucket":1,"minecraft:red_dye":13,"silentgems:ruby_glowrose":14,"minecraft:azalea":1,"born_in_chaos_v1:stimulating_decoction":2,"farmersdelight:cabbage_seeds":3,"minecraft:iron_boots":1,"minecraft:furnace":3,"minecraft:tipped_arrow":15,"minecraft:stick":133,"apotheosis:gem":30,"minecraft:jungle_door":1,"iceandfire:crackled_dirt":8,"mowziesmobs:sol_visage":1,"minecraft:torch":14,"born_in_chaos_v1:flaming_evil_pumpkin":1,"minecraft:porkchop":13,"iceandfire:crackled_gravel":1,"tombstone:grave_dust":52,"minecraft:diorite":202,"born_in_chaos_v1:nightmare_claw":4,"tombstone:lollipop":18,"silentgems:rose_quartz_glowrose":2,"gobber2:gobber2_foo":3,"silentgear:leather_scrap":4,"minecraft:rotten_flesh":207,"iceandfire:crackled_grass":1,"minecraft:obsidian":34,"undead_revamp2:arapholia":1,"minecraft:cobblestone":2565,"minecraft:leather_chestplate":3,"minecraft:andesite":99,"minecraft:tuff":40,"minecraft:wither_skeleton_skull":1,"minecraft:lapis_lazuli":21,"minecraft:dirt":243,"iceandfire:dragonscales_bronze":18,"minecraft:name_tag":2,"born_in_chaos_v1:monster_skin":27,"minecraft:leather_boots":1,"minecraft:bone":104,"minecraft:acacia_planks":5,"minecraft:bow":6,"gobber2:gobber2_gooey_beef":13,"minecraft:wheat_seeds":107,"easy_villagers:trader":1,"minecraft:raw_gold":65,"minecraft:mossy_stone_bricks":2,"minecraft:oak_planks":4,"gobber2:gobber2_gooey_bread":17,"hmag:soul_powder":3,"minecraft:axolotl_bucket":2,"minecraft:sand":163,"minecraft:jungle_planks":15,"minecraft:grass_block":10,"hmag:kobold_leather":3,"minecraft:jungle_leaves":2,"minecraft:sugar":2,"minecraft:diamond":13,"waystones:waystone":1,"minecraft:crossbow":3,"minecraft:grass":1,"minecraft:bone_meal":19,"scalinghealth:cursed_heart":1,"minecraft:netherrack":91,"minecraft:oak_leaves":14,"gobber2:gobber2_goo":16,"majruszsdifficulty:tattered_boots":2,"minecraft:cocoa_beans":12,"minecraft:azure_bluet":1,"minecraft:turtle_helmet":4,"minecraft:wooden_pickaxe":5,"silentgear:shield_blueprint":1,"minecraft:chain":4,"minecraft:oak_trapdoor":3,"minecraft:moss_carpet":6,"minecraft:iron_axe":1,"minecraft:player_head":5,"silentgems:alexandrite_glowrose":1,"minecraft:sugar_cane":642,"minecraft:raw_iron":98,"iceandfire:dragonbone":53,"minecraft:copper_ingot":5,"iceandfire:chared_grass":1,"minecraft:trident":2,"minecraft:arrow":109,"majruszsdifficulty:cerberus_fang":6,"minecraft:skeleton_skull":1,"born_in_chaos_v1:fused_bone":3,"born_in_chaos_v1:corpse_maggot":37,"artifacts:digging_claws":1,"minecraft:glow_ink_sac":5,"gobber2:gobber2_gooey_beefstew":2,"minecraft:leather":5,"minecraft:chainmail_chestplate":2,"iceandfire:dragonegg_gray":1,"minecraft:gunpowder":16,"scalinghealth:heart_crystal":26,"tombstone:voodoo_poppet":2,"minecraft:cooked_mutton":2,"minecraft:iron_ingot":7,"iceandfire:fire_dragon_flesh":26,"mowziesmobs:umvuthana_mask_misery":4,"minecraft:acacia_sapling":2,"minecraft:book":9,"scalinghealth:heart_crystal_shard":20,"minecraft:dandelion":4,"born_in_chaos_v1:dark_rod":4,"minecraft:blast_furnace":1,"majruszsdifficulty:bandage":28,"minecraft:spider_eye":9,"undead_revamp2:rawbostrox":3,"minecraft:pumpkin_seeds":2,"minecraft:chainmail_leggings":2,"minecraft:iron_helmet":2,"silentgear:sword_blueprint":1,"tombstone:magic_scroll":5,"minecraft:damaged_anvil":1,"majruszsdifficulty:tattered_chestplate":3,"silentgems:topaz":36,"minecraft:coal":381},"minecraft:custom":{"minecraft:interact_with_crafting_table":148,"minecraft:open_barrel":108,"minecraft:leave_game":9,"minecraft:time_since_death":259,"minecraft:damage_blocked_by_shield":2040,"tombstone:eaten_lollipop":10,"minecraft:play_time":600899,"minecraft:deaths":39,"minecraft:jump":14041,"minecraft:interact_with_furnace":39,"minecraft:traded_with_villager":356,"minecraft:sleep_in_bed":12,"minecraft:waystone_activated":1,"minecraft:damage_dealt":112156,"tombstone:undead_killed":245,"minecraft:interact_with_smoker":44,"minecraft:horse_one_cm":8528,"minecraft:interact_with_smithing_table":2,"minecraft:interact_with_anvil":10,"minecraft:inspect_hopper":14,"minecraft:damage_dealt_absorbed":18110,"minecraft:sneak_time":40655,"minecraft:interact_with_blast_furnace":17,"minecraft:total_world_time":600899,"tombstone:raider_killed":15,"minecraft:time_since_rest":1,"minecraft:use_wand":791,"tombstone:cast_on_ally":1,"minecraft:swim_one_cm":3124,"minecraft:fly_one_cm":2393383,"minecraft:open_chest":596,"minecraft:fall_one_cm":292839,"minecraft:animals_bred":1,"minecraft:damage_resisted":919,"minecraft:sprint_one_cm":1040738,"minecraft:drop":452,"minecraft:talked_to_villager":5,"minecraft:walk_on_water_one_cm":32586,"minecraft:interact_with_loom":5,"minecraft:player_kills":1,"minecraft:crouch_one_cm":135336,"minecraft:mob_kills":498,"minecraft:damage_dealt_resisted":57108,"minecraft:climb_one_cm":6054,"minecraft:walk_one_cm":1199765,"minecraft:walk_under_water_one_cm":1026,"minecraft:damage_taken":70173,"minecraft:damage_absorbed":1373},"minecraft:used":{"minecraft:nether_brick_fence":1,"silentgear:sword":2,"minecraft:chest":2,"minecraft:stone":6,"minecraft:rotten_flesh":3,"minecraft:acacia_sapling":1,"minecraft:jungle_sapling":74,"born_in_chaos_v1:smoked_flesh":12,"iceandfire:crackled_gravel":1,"minecraft:grass_block":10,"iceandfire:armor_black_helmet":5,"minecraft:bow":184,"iceandfire:chared_stone":14,"minecraft:furnace":4,"minecraft:egg":1,"minecraft:diorite":123,"minecraft:damaged_anvil":1,"minecraft:wooden_pickaxe":46,"minecraft:glow_berries":12,"minecraft:oak_leaves":1,"minecraft:golden_apple":6,"minecraft:blast_furnace":1,"scalinghealth:cursed_heart":1,"scalinghealth:enchanted_heart":2,"born_in_chaos_v1:monster_flesh":1,"minecraft:diamond_sword":539,"minecraft:smithing_table":1,"silentgear:saw":121,"minecraft:oak_trapdoor":2,"minecraft:stone_sword":247,"born_in_chaos_v1:ethereal_spirit":6,"javd:portal_block":1,"minecraft:netherrack":52,"minecraft:torch":298,"minecraft:anvil":2,"minecraft:iron_axe":88,"minecraft:jungle_log":72,"easy_villagers:trader":10,"minecraft:barrel":2,"gobber2:gobber2_staff_ensnarement":59,"silentgear:pickaxe":400,"minecraft:beef":11,"constructionwand:diamond_wand":43,"iceandfire:dragonegg_gray":1,"tombstone:gift":6,"minecraft:acacia_planks":100,"minecraft:cobbled_deepslate":196,"minecraft:water_bucket":7,"iceandfire:dragon_skull_lightning":5,"minecraft:crafting_table":15,"minecraft:oak_log":1,"minecraft:diamond_pickaxe":182,"minecraft:diamond_shovel":6,"minecraft:acacia_sign":1,"iceandfire:dragonbone_sword_fire":841,"iceandfire:dragon_horn":3,"tombstone:magic_scroll":1,"minecraft:cobblestone":1244,"minecraft:dandelion":1,"gobber2:gobber2_goo":1,"minecraft:iron_shovel":49,"easy_villagers:breeder":2,"minecraft:melon":7,"born_in_chaos_v1:intoxicating_decoction":1,"gobber2:gobber2_gooey_bread":17,"minecraft:shield":60,"minecraft:iron_sword":139,"tombstone:lollipop":10,"minecraft:grass":1,"minecraft:player_head":2,"silentgems:heliodor_glowrose":1,"minecraft:jungle_planks":25,"minecraft:carrot":1,"minecraft:axolotl_bucket":3,"minecraft:obsidian":19,"minecraft:glass":37,"born_in_chaos_v1:corpse_maggot":6,"born_in_chaos_v1:gnawed_bones":3,"minecraft:stone_bricks":4,"minecraft:magma_block":1,"minecraft:warped_fungus":1,"minecraft:written_book":1,"minecraft:stone_pickaxe":428,"minecraft:oak_planks":5,"minecraft:ender_pearl":3,"minecraft:sugar_cane":62,"alexscaves:cave_book":1,"minecraft:crossbow":1,"iceandfire:dragonbone_sword_lightning":18,"waystones:waystone":1,"easy_villagers:villager":2,"hmag:fire_bottle":2,"minecraft:melon_slice":20,"minecraft:bread":168,"tombstone:grave_key":12,"born_in_chaos_v1:smoked_monster_flesh":18,"minecraft:gravel":60,"minecraft:jungle_sign":4,"born_in_chaos_v1:mesh_door":1,"iceandfire:dragon_skull_fire":6,"minecraft:andesite":18,"minecraft:bone_meal":126,"minecraft:cobweb":1,"minecraft:experience_bottle":62,"silentgear:excavator":57,"minecraft:trident":165,"minecraft:jungle_leaves":1,"minecraft:flint_and_steel":3,"minecraft:oak_door":1,"minecraft:dirt":86,"scalinghealth:heart_crystal":28,"minecraft:hopper":2,"iceandfire:crackled_dirt":1,"scalinghealth:power_crystal":3,"gobber2:gobber2_gooey_beef":8,"scalinghealth:bandages":2,"alexsmobs:banana":1,"easy_villagers:incubator":1,"minecraft:cooked_beef":7,"minecraft:cooked_mutton":6,"iceandfire:fire_dragon_flesh":2,"minecraft:cobblestone_slab":1,"minecraft:warped_roots":1,"born_in_chaos_v1:flaming_evil_pumpkin":1,"hmag:spectral_soup":1,"minecraft:smoker":5,"tombstone:bag_of_seeds":2,"minecraft:piston":2,"mowziesmobs:sol_visage":3,"silentgear:hammer":486,"minecraft:stone_axe":165,"minecraft:white_banner":1,"minecraft:turtle_helmet":1,"minecraft:jungle_door":1,"minecraft:bucket":12},"minecraft:killed":{"born_in_chaos_v1:mr_pumpkin":2,"born_in_chaos_v1:restless_spirit":5,"enemyexpansion:equestrian":1,"born_in_chaos_v1:siamese_skeletonsright":2,"minecraft:skeleton":24,"mowziesmobs:umvuthana_crane":3,"majruszsdifficulty:creeperling":1,"alexsmobs:centipede_head":1,"born_in_chaos_v1:supreme_bonescaller_stage_2":1,"hmag:catoblepas":1,"enemyexpansion:vampflyer":2,"minecraft:magma_cube":3,"majruszsdifficulty:tank":2,"minecraft:iron_golem":1,"undead_revamp2:theheavy":1,"minecraft:pillager":14,"enemyexpansion:meature":1,"minecraft:zombie":84,"born_in_chaos_v1:corpse_fly":15,"enemyexpansion:botfly":30,"iceandfire:lightning_dragon":1,"born_in_chaos_v1:door_knight":2,"minecraft:cow":2,"hmag:creeper_girl":1,"enemyexpansion:vampbiter":2,"enemyexpansion:goblin_fear":13,"born_in_chaos_v1:dire_hound_leader":3,"enemyexpansion:faller":1,"hmag:zombie_girl":3,"undead_revamp2:thebidy":2,"minecraft:husk":20,"born_in_chaos_v1:bone_imp_minion":6,"undead_revamp2:the_moonflower":15,"enemyexpansion:sprinter":4,"majruszsdifficulty:cursed_armor":5,"born_in_chaos_v1:decrepit_skeleton":6,"hmag:kobold":2,"born_in_chaos_v1:bloody_gadfly":1,"undead_revamp2:thesomnolence":7,"born_in_chaos_v1:dark_vortex":2,"minecraft:enderman":2,"born_in_chaos_v1:zombie_clown":2,"minecraft:witch":1,"mowziesmobs:umvuthi":1,"minecraft:spider":8,"creeperoverhaul:bamboo_creeper":1,"born_in_chaos_v1:scarlet_persecutor":1,"undead_revamp2:therod":4,"artifacts:mimic":2,"minecraft:pig":5,"minecraft:zombie_villager":3,"minecraft:sheep":4,"undead_revamp2:thebidyupside":8,"born_in_chaos_v1:dread_hound":15,"minecraft:stray":10,"alexsmobs:komodo_dragon":1,"born_in_chaos_v1:siamese_skeletonsleft":1,"minecraft:blaze":1,"undead_revamp2:bigsucker":2,"undead_revamp2:thegliter":3,"undead_revamp2:neocrorines":1,"enemyexpansion:direwolf":11,"born_in_chaos_v1:zombie_bruiser":5,"born_in_chaos_v1:maggot":30,"born_in_chaos_v1:baby_spider":2,"iceandfire:fire_dragon":1,"hmag:dogu":1,"alexsmobs:bison":4,"majruszsdifficulty:cerberus":1,"undead_revamp2:sucker":8,"born_in_chaos_v1:fallen_chaos_knight":1,"hmag:ghost":6,"born_in_chaos_v1:baby_skeleton":1,"born_in_chaos_v1:swarmer":1,"minecraft:bat":1,"born_in_chaos_v1:decaying_zombie":1,"enemyexpansion:huntsman":4,"born_in_chaos_v1:nightmare_stalker":4,"minecraft:wither_skeleton":12,"enemyexpansion:slugger":1},"minecraft:killed_by":{"undead_revamp2:the_moonflower":1,"born_in_chaos_v1:nightmare_stalker":2,"minecraft:pillager":1,"hmag:zombie_girl":1,"born_in_chaos_v1:siamese_skeletons":1,"minecraft:zombie":11,"minecraft:husk":2,"undead_revamp2:sucker":1,"minecraft:wither_skeleton":1,"mowziesmobs:umvuthi":1,"hmag:dogu":1,"iceandfire:fire_dragon":11,"minecraft:spider":1,"born_in_chaos_v1:senor_pumpkin":1},"minecraft:mined":{"minecraft:jungle_leaves":2,"minecraft:obsidian":36,"minecraft:granite":86,"minecraft:acacia_log":44,"minecraft:jungle_log":1423,"silentgear:crimson_iron_ore":7,"minecraft:coal_block":2,"minecraft:hopper":1,"minecraft:magma_block":1,"gobber2:gobber2_ore":7,"minecraft:cobbled_deepslate":9,"minecraft:fire":184,"minecraft:barrel":4,"easy_villagers:breeder":1,"minecraft:deepslate_lapis_ore":3,"minecraft:player_head":1,"minecraft:smoker":1,"minecraft:torch":3,"minecraft:blast_furnace":1,"minecraft:melon":4,"minecraft:glass":11,"minecraft:sugar_cane":160,"minecraft:damaged_anvil":1,"iceandfire:crackled_stone":2,"undead_revamp2:chiseleddripstoneblock":2,"minecraft:grass":222,"minecraft:deepslate":544,"minecraft:jungle_planks":6,"born_in_chaos_v1:flaming_evil_pumpkin":1,"minecraft:jungle_sapling":14,"minecraft:andesite":107,"silentgems:alexandrite_glowrose":2,"minecraft:cobblestone_slab":1,"minecraft:vine":24,"minecraft:bone_block":21,"minecraft:dandelion":1,"minecraft:tall_grass":329,"minecraft:copper_ore":5,"minecraft:deepslate_gold_ore":67,"minecraft:diorite":198,"minecraft:gravel":138,"minecraft:cobweb":1,"minecraft:acacia_planks":6,"minecraft:stone_bricks":13,"minecraft:chipped_anvil":1,"minecraft:fern":15,"silentgems:rose_quartz_glowrose":3,"minecraft:grass_block":87,"gobber2:gobber2_ore_deepslate":134,"gobber2:gobber2_lucky_block":40,"minecraft:frosted_ice":5,"minecraft:iron_ore":38,"minecraft:anvil":1,"iceandfire:crackled_dirt":6,"minecraft:deepslate_redstone_ore":12,"silentgems:ruby_glowrose":21,"silentgems:black_diamond_nether_ore":11,"minecraft:clay":5,"minecraft:cobblestone":95,"minecraft:oak_planks":4,"minecraft:wall_torch":4,"minecraft:warped_nylium":2,"silentgems:heliodor_glowrose":4,"minecraft:oak_log":13,"minecraft:sand":168,"minecraft:dirt":139,"minecraft:netherrack":63,"minecraft:oak_leaves":10,"iceandfire:chared_stone":26,"minecraft:diamond_ore":1,"minecraft:tuff":43,"minecraft:deepslate_diamond_ore":12,"iceandfire:crackled_gravel":1,"iceandfire:chared_dirt":3,"iceandfire:chared_grass":1,"minecraft:hay_block":11,"minecraft:oak_trapdoor":2,"minecraft:furnace":3,"iceandfire:crackled_grass":1,"minecraft:nether_brick_fence":2,"minecraft:bookshelf":3,"minecraft:deepslate_iron_ore":58,"easy_villagers:trader":1,"minecraft:stripped_oak_log":2,"minecraft:stone":2223,"born_in_chaos_v1:mesh_door":1,"minecraft:acacia_leaves":8,"minecraft:flowering_azalea":1,"minecraft:crafting_table":4,"minecraft:lapis_ore":4,"gobber2:gobber2_lucky_block_deepslate":17,"minecraft:coal_ore":348,"minecraft:jungle_wall_sign":2}},"DataVersion":3465}