{"stats":{"minecraft:mined":{"minecraft:jungle_leaves":1,"minecraft:obsidian":18,"minecraft:granite":58,"minecraft:acacia_log":44,"minecraft:grass_block":38,"gobber2:gobber2_ore_deepslate":75,"gobber2:gobber2_lucky_block":40,"minecraft:jungle_log":270,"silentgear:crimson_iron_ore":7,"minecraft:coal_block":2,"minecraft:frosted_ice":5,"minecraft:magma_block":1,"minecraft:iron_ore":38,"minecraft:cobbled_deepslate":9,"minecraft:fire":139,"minecraft:deepslate_lapis_ore":3,"iceandfire:crackled_dirt":6,"minecraft:smoker":1,"silentgems:black_diamond_nether_ore":11,"minecraft:torch":3,"minecraft:blast_furnace":1,"minecraft:melon":4,"minecraft:cobblestone":55,"minecraft:sugar_cane":3,"minecraft:oak_planks":4,"minecraft:damaged_anvil":1,"minecraft:wall_torch":2,"silentgems:heliodor_glowrose":1,"iceandfire:crackled_stone":2,"undead_revamp2:chiseleddripstoneblock":2,"minecraft:grass":134,"minecraft:oak_log":13,"minecraft:dirt":57,"minecraft:netherrack":62,"minecraft:oak_leaves":7,"minecraft:deepslate":267,"iceandfire:chared_stone":6,"minecraft:diamond_ore":1,"minecraft:tuff":30,"minecraft:deepslate_diamond_ore":4,"iceandfire:crackled_gravel":1,"born_in_chaos_v1:flaming_evil_pumpkin":1,"iceandfire:chared_dirt":3,"iceandfire:chared_grass":1,"minecraft:hay_block":11,"minecraft:oak_trapdoor":2,"minecraft:furnace":3,"iceandfire:crackled_grass":1,"minecraft:andesite":27,"minecraft:nether_brick_fence":2,"minecraft:bookshelf":3,"minecraft:deepslate_iron_ore":58,"minecraft:cobblestone_slab":1,"minecraft:vine":11,"minecraft:stripped_oak_log":2,"minecraft:stone":1391,"minecraft:bone_block":21,"minecraft:acacia_leaves":8,"minecraft:flowering_azalea":1,"minecraft:dandelion":1,"minecraft:crafting_table":4,"minecraft:tall_grass":21,"minecraft:copper_ore":5,"minecraft:deepslate_gold_ore":67,"minecraft:diorite":126,"gobber2:gobber2_lucky_block_deepslate":17,"minecraft:coal_ore":262,"minecraft:gravel":36,"minecraft:acacia_planks":3,"minecraft:chipped_anvil":1,"minecraft:jungle_wall_sign":1,"minecraft:fern":12},"minecraft:picked_up":{"silentgear:raw_crimson_iron":7,"minecraft:iron_chestplate":1,"minecraft:chainmail_boots":2,"minecraft:nether_brick_fence":1,"alexscaves:cave_tablet":24,"minecraft:potion":1,"minecraft:enchanted_book":1,"minecraft:music_disc_cat":1,"minecraft:string":23,"minecraft:raw_copper":18,"minecraft:sticky_piston":22,"minecraft:cobbled_deepslate":280,"minecraft:bucket":1,"minecraft:written_book":1,"minecraft:azalea":1,"silentgems:heliodor_glowrose":1,"minecraft:melon_slice":20,"minecraft:coal_block":2,"farmersdelight:cabbage_seeds":3,"minecraft:iron_boots":1,"minecraft:furnace":3,"minecraft:tipped_arrow":4,"minecraft:stick":54,"artifacts:universal_attractor":1,"apotheosis:gem":29,"born_in_chaos_v1:shattered_skull":1,"iceandfire:crackled_dirt":8,"mowziesmobs:sol_visage":1,"born_in_chaos_v1:flaming_evil_pumpkin":1,"minecraft:torch":6,"minecraft:acacia_log":44,"iceandfire:lightning_dragon_flesh":3,"iceandfire:crackled_gravel":1,"tombstone:grave_dust":45,"minecraft:diorite":126,"tombstone:lollipop":17,"gobber2:gobber2_foo":3,"easy_villagers:villager":1,"minecraft:rotten_flesh":131,"iceandfire:crackled_grass":1,"minecraft:obsidian":18,"undead_revamp2:arapholia":1,"minecraft:cobblestone":1785,"iceandfire:dragonscales_black":28,"minecraft:magma_block":1,"minecraft:leather_chestplate":2,"minecraft:feather":6,"minecraft:andesite":25,"minecraft:jungle_log":265,"minecraft:smoker":1,"alexsmobs:bison_fur":1,"minecraft:flint":3,"minecraft:tuff":33,"minecraft:wither_skeleton_skull":1,"minecraft:lapis_lazuli":21,"minecraft:dirt":102,"minecraft:name_tag":2,"born_in_chaos_v1:monster_skin":21,"minecraft:bone":85,"minecraft:chipped_anvil":1,"minecraft:acacia_planks":2,"minecraft:bow":3,"gobber2:gobber2_gooey_beef":13,"minecraft:wheat_seeds":42,"minecraft:raw_gold":65,"gobber2:gobber2_globette":75,"minecraft:mossy_stone_bricks":2,"minecraft:oak_planks":4,"gobber2:gobber2_gooey_bread":17,"hmag:soul_powder":2,"minecraft:axolotl_bucket":2,"iceandfire:dragon_skull_fire":1,"minecraft:barrel":1,"iceandfire:lightning_dragon_heart":2,"hmag:kobold_leather":3,"minecraft:bundle":6,"minecraft:diamond":5,"iceandfire:crackled_stone":3,"waystones:waystone":1,"minecraft:granite":73,"minecraft:chainmail_helmet":1,"minecraft:golden_horse_armor":3,"minecraft:bread":4,"minecraft:netherrack":89,"gobber2:gobber2_goo":16,"minecraft:diamond_pickaxe":1,"iceandfire:dragon_skull_lightning":2,"majruszsdifficulty:tattered_boots":2,"minecraft:crafting_table":4,"born_in_chaos_v1:seedof_chaos":3,"iceandfire:witherbone":3,"born_in_chaos_v1:smoked_monster_flesh":2,"minecraft:turtle_helmet":4,"minecraft:leather_leggings":2,"minecraft:wooden_pickaxe":2,"minecraft:chain":2,"minecraft:oak_trapdoor":3,"minecraft:moss_carpet":6,"minecraft:iron_axe":1,"minecraft:iron_shovel":4,"minecraft:cracked_stone_bricks":2,"minecraft:beef":15,"minecraft:iron_nugget":2,"born_in_chaos_v1:gnawed_bones":4,"minecraft:player_head":3,"minecraft:jungle_sapling":12,"minecraft:sugar_cane":8,"minecraft:chest":1,"minecraft:egg":1,"minecraft:raw_iron":98,"iceandfire:dragonbone":38,"minecraft:copper_ingot":5,"iceandfire:chared_grass":1,"farmersdelight:tomato_seeds":5,"minecraft:trident":2,"born_in_chaos_v1:pieceofdarkmetal":10,"minecraft:carrot":1,"minecraft:redstone":3,"minecraft:jungle_sign":1,"mowziesmobs:umvuthana_mask_faith":1,"minecraft:arrow":43,"minecraft:hay_block":38,"majruszsdifficulty:cerberus_fang":3,"minecraft:glow_berries":2,"minecraft:mutton":3,"minecraft:bone_block":20,"minecraft:skeleton_skull":1,"born_in_chaos_v1:fused_bone":2,"minecraft:stripped_oak_log":4,"born_in_chaos_v1:corpse_maggot":31,"artifacts:digging_claws":1,"born_in_chaos_v1:monster_flesh":44,"minecraft:glow_ink_sac":5,"gobber2:gobber2_gooey_beefstew":2,"alexsmobs:acacia_blossom":2,"silentgems:black_diamond":11,"minecraft:leather":2,"majruszsdifficulty:tattered_helmet":1,"minecraft:oak_log":17,"minecraft:chainmail_chestplate":2,"scalinghealth:bandages":10,"iceandfire:dragonegg_gray":1,"minecraft:gunpowder":14,"scalinghealth:heart_crystal":17,"tombstone:voodoo_poppet":2,"minecraft:paper":5,"scalinghealth:medkit":3,"tombstone:gift":2,"hmag:fire_bottle":4,"minecraft:cooked_mutton":2,"majruszsdifficulty:tattered_leggings":1,"minecraft:iron_ingot":7,"minecraft:stone_pickaxe":1,"scalinghealth:power_crystal_shard":22,"tombstone:bag_of_seeds":7,"minecraft:glass_bottle":17,"minecraft:iron_sword":1,"minecraft:acacia_sapling":2,"mowziesmobs:umvuthana_mask_misery":4,"iceandfire:fire_dragon_flesh":23,"minecraft:flowering_azalea":2,"minecraft:book":9,"iceandfire:chared_stone":2,"scalinghealth:heart_crystal_shard":16,"born_in_chaos_v1:orbofthe_summoner":2,"born_in_chaos_v1:ethereal_spirit":11,"minecraft:dandelion":1,"minecraft:gravel":47,"born_in_chaos_v1:dark_rod":3,"born_in_chaos_v1:fangofthe_hound_leader":4,"minecraft:blast_furnace":1,"minecraft:spider_eye":1,"undead_revamp2:rawbostrox":2,"minecraft:pumpkin_seeds":2,"minecraft:slime_ball":7,"born_in_chaos_v1:black_argillite_brick_slab":5,"minecraft:stone_axe":2,"minecraft:chainmail_leggings":2,"minecraft:iron_helmet":2,"tombstone:magic_scroll":2,"minecraft:damaged_anvil":1,"silentgems:topaz":36,"minecraft:coal":280},"minecraft:broken":{"minecraft:iron_boots":1,"minecraft:stone_pickaxe":3,"minecraft:stone_axe":2,"iceandfire:armor_black_boots":1,"minecraft:chainmail_leggings":1,"minecraft:stone_sword":1,"minecraft:shield":1},"minecraft:crafted":{"minecraft:oak_planks":64,"minecraft:cobblestone_slab":6,"javd:portal_block":1,"minecraft:cooked_mutton":7,"iceandfire:armor_black_helmet":1,"silentgear:rough_rod":4,"minecraft:chest":3,"scalinghealth:power_crystal":2,"alexscaves:cave_book":1,"minecraft:smoker":4,"gobber2:gobber2_ingot":9,"sophisticatedbackpacks:backpack":1,"minecraft:crafting_table":10,"silentgear:saw_blade":1,"minecraft:wooden_pickaxe":1,"silentgear:excavator":1,"silentgear:blueprint_paper":16,"minecraft:tnt":3,"minecraft:paper":18,"silentgear:saw_blueprint":1,"minecraft:stick":79,"born_in_chaos_v1:smoked_flesh":12,"minecraft:iron_ingot":11,"minecraft:iron_pickaxe":1,"minecraft:stone_sword":2,"silentgear:excavator_head":1,"minecraft:jungle_sign":3,"silentgear:pickaxe":3,"silentgear:hammer_head":2,"minecraft:coal":18,"silentgear:rod":8,"iceandfire:dragonbone_sword_fire":2,"minecraft:furnace":5,"minecraft:bone_meal":36,"born_in_chaos_v1:smoked_monster_flesh":24,"gobber2:gobber2_glob":3,"minecraft:leather":10,"minecraft:stone_pickaxe":5,"silentgear:sword":1,"iceandfire:armor_black_chestplate":1,"minecraft:wheat":252,"sophisticatedbackpacks:iron_backpack":1,"constructionwand:diamond_wand":2,"silentgear:saw":1,"iceandfire:armor_black_leggings":1,"iceandfire:dragonbone_sword":2,"iceandfire:armor_black_boots":1,"sophisticatedbackpacks:gold_backpack":1,"scalinghealth:heart_crystal":1,"minecraft:bucket":1,"minecraft:stone_axe":2,"minecraft:bread":84,"minecraft:air":0,"minecraft:jungle_planks":84,"minecraft:blue_dye":5,"silentgear:hammer_blueprint":1,"minecraft:acacia_sign":3,"minecraft:gold_nugget":9,"silentgear:excavator_blueprint":1,"silentgear:hammer":2,"minecraft:acacia_planks":160,"minecraft:torch":232},"minecraft:killed_by":{"undead_revamp2:the_moonflower":1,"minecraft:wither_skeleton":1,"born_in_chaos_v1:nightmare_stalker":1,"mowziesmobs:umvuthi":1,"minecraft:zombie":1,"hmag:dogu":1,"iceandfire:fire_dragon":10,"minecraft:husk":2},"minecraft:dropped":{"minecraft:glass_bottle":4,"minecraft:glow_berries":1,"majruszsdifficulty:tattered_helmet":1,"silentgems:topaz":36,"minecraft:jungle_planks":16,"minecraft:cracked_stone_bricks":1,"born_in_chaos_v1:pieceofdarkmetal":10,"artifacts:universal_attractor":1,"alexsmobs:bison_fur":1,"minecraft:flint":2,"born_in_chaos_v1:monster_flesh":14,"minecraft:dirt":28,"born_in_chaos_v1:monster_skin":1,"majruszsdifficulty:tattered_boots":1,"minecraft:axolotl_bucket":2,"gobber2:gobber2_goo":1,"majruszsdifficulty:tattered_leggings":1,"minecraft:bone":1,"tombstone:lollipop":2,"minecraft:gravel":5,"minecraft:stone_axe":1,"minecraft:sugar_cane":2,"minecraft:iron_nugget":2,"hmag:fire_bottle":2,"alexsmobs:animal_dictionary":1,"minecraft:cobbled_deepslate":57,"alexscaves:cave_tablet":30,"born_in_chaos_v1:ethereal_spirit":4,"tombstone:gift":1,"minecraft:rotten_flesh":45,"minecraft:oak_planks":7,"minecraft:cooked_mutton":3,"minecraft:chainmail_chestplate":2,"minecraft:leather_chestplate":2,"silentgear:sword":1,"minecraft:tipped_arrow":1,"minecraft:turtle_helmet":5,"born_in_chaos_v1:seedof_chaos":3,"minecraft:gunpowder":1,"minecraft:skeleton_skull":2,"born_in_chaos_v1:fangofthe_hound_leader":4,"minecraft:beetroot_seeds":2,"minecraft:melon_seeds":2,"born_in_chaos_v1:corpse_maggot":7,"apotheosis:gem":24,"minecraft:azalea":1,"minecraft:chainmail_boots":1,"minecraft:leather_leggings":1,"minecraft:arrow":12,"minecraft:beef":4,"undead_revamp2:rawbostrox":1,"iceandfire:chared_grass":1,"minecraft:written_book":1,"minecraft:netherrack":38,"born_in_chaos_v1:shattered_skull":1,"minecraft:wheat_seeds":40,"minecraft:golden_horse_armor":3,"minecraft:feather":6,"minecraft:iron_helmet":2,"minecraft:cobblestone":396,"born_in_chaos_v1:orbofthe_summoner":1,"minecraft:granite":23,"iceandfire:lightning_dragon_flesh":3,"minecraft:chainmail_helmet":1,"minecraft:coal":1,"minecraft:stick":36,"scalinghealth:medkit":2,"minecraft:acacia_sign":2,"born_in_chaos_v1:gnawed_bones":1,"iceandfire:dragonscales_black":2,"minecraft:diorite":1,"iceandfire:crackled_dirt":7,"minecraft:torch":20,"born_in_chaos_v1:fused_bone":2,"minecraft:potion":2,"tombstone:grave_dust":25,"iceandfire:armor_black_helmet":1,"iceandfire:crackled_grass":1,"minecraft:flowering_azalea":2,"minecraft:iron_axe":1,"minecraft:chainmail_leggings":2,"minecraft:iron_shovel":1,"minecraft:paper":5,"minecraft:string":1,"tombstone:voodoo_poppet":1,"minecraft:dandelion":1,"minecraft:redstone":3,"silentgear:pickaxe":2,"hmag:soul_powder":1,"minecraft:moss_carpet":6,"minecraft:oak_trapdoor":1,"alexsmobs:acacia_blossom":1,"minecraft:player_head":3,"silentgear:hammer":1,"minecraft:stone_sword":1,"iceandfire:lightning_dragon_heart":1,"minecraft:raw_copper":18,"minecraft:cocoa_beans":28,"minecraft:sticky_piston":22,"minecraft:tuff":33,"born_in_chaos_v1:smoked_monster_flesh":8,"iceandfire:dragonbone_sword_fire":1,"minecraft:stripped_oak_log":2,"iceandfire:armor_black_leggings":1,"scalinghealth:power_crystal_shard":3,"minecraft:cobblestone_slab":6,"minecraft:hay_block":10,"silentgear:fluffy_seeds":5,"minecraft:bundle":3,"minecraft:iron_chestplate":1,"minecraft:diamond_pickaxe":1,"minecraft:mossy_stone_bricks":1,"minecraft:spider_eye":1,"iceandfire:armor_black_chestplate":1,"minecraft:slime_ball":1,"minecraft:bow":3,"minecraft:wooden_pickaxe":3,"iceandfire:crackled_stone":3},"minecraft:used":{"minecraft:nether_brick_fence":1,"gobber2:gobber2_goo":1,"silentgear:sword":2,"minecraft:iron_shovel":29,"minecraft:melon":7,"gobber2:gobber2_gooey_bread":12,"minecraft:chest":2,"minecraft:shield":60,"minecraft:iron_sword":139,"tombstone:lollipop":10,"minecraft:rotten_flesh":3,"minecraft:jungle_planks":16,"minecraft:carrot":1,"minecraft:acacia_sapling":1,"minecraft:axolotl_bucket":3,"minecraft:obsidian":7,"minecraft:jungle_sapling":8,"born_in_chaos_v1:corpse_maggot":6,"born_in_chaos_v1:smoked_flesh":12,"iceandfire:crackled_gravel":1,"iceandfire:armor_black_helmet":3,"born_in_chaos_v1:gnawed_bones":3,"minecraft:magma_block":1,"minecraft:bow":30,"iceandfire:chared_stone":2,"minecraft:written_book":1,"minecraft:furnace":4,"minecraft:egg":1,"minecraft:diorite":3,"minecraft:oak_planks":5,"minecraft:stone_pickaxe":428,"minecraft:wooden_pickaxe":46,"minecraft:sugar_cane":17,"minecraft:golden_apple":2,"minecraft:glow_berries":12,"alexscaves:cave_book":1,"minecraft:blast_furnace":1,"minecraft:crossbow":1,"waystones:waystone":1,"easy_villagers:villager":1,"hmag:fire_bottle":2,"scalinghealth:enchanted_heart":2,"born_in_chaos_v1:monster_flesh":1,"minecraft:melon_slice":20,"minecraft:bread":32,"minecraft:gravel":2,"born_in_chaos_v1:smoked_monster_flesh":18,"minecraft:jungle_sign":1,"iceandfire:dragon_skull_fire":1,"silentgear:saw":74,"minecraft:bone_meal":18,"minecraft:experience_bottle":53,"silentgear:excavator":9,"minecraft:oak_trapdoor":2,"minecraft:trident":165,"minecraft:stone_sword":234,"born_in_chaos_v1:ethereal_spirit":6,"javd:portal_block":1,"minecraft:netherrack":51,"minecraft:torch":204,"minecraft:dirt":14,"scalinghealth:heart_crystal":21,"minecraft:iron_axe":88,"iceandfire:crackled_dirt":1,"minecraft:jungle_log":70,"scalinghealth:power_crystal":2,"minecraft:barrel":1,"gobber2:gobber2_gooey_beef":8,"silentgear:pickaxe":400,"minecraft:beef":11,"constructionwand:diamond_wand":35,"tombstone:gift":6,"minecraft:acacia_planks":93,"minecraft:cobbled_deepslate":69,"minecraft:water_bucket":1,"minecraft:cooked_mutton":6,"iceandfire:fire_dragon_flesh":2,"minecraft:cobblestone_slab":1,"iceandfire:dragon_skull_lightning":2,"minecraft:crafting_table":14,"born_in_chaos_v1:flaming_evil_pumpkin":1,"hmag:spectral_soup":1,"minecraft:smoker":5,"tombstone:bag_of_seeds":2,"minecraft:oak_log":1,"minecraft:piston":2,"minecraft:diamond_pickaxe":119,"minecraft:diamond_shovel":6,"minecraft:acacia_sign":1,"iceandfire:dragonbone_sword_fire":693,"mowziesmobs:sol_visage":3,"silentgear:hammer":283,"minecraft:stone_axe":165,"minecraft:cobblestone":944,"minecraft:bucket":5},"minecraft:custom":{"minecraft:interact_with_crafting_table":79,"minecraft:open_barrel":84,"minecraft:leave_game":5,"minecraft:time_since_death":2315,"minecraft:damage_resisted":661,"minecraft:sprint_one_cm":521132,"minecraft:damage_blocked_by_shield":2040,"minecraft:drop":288,"tombstone:eaten_lollipop":10,"minecraft:play_time":305018,"minecraft:deaths":20,"minecraft:jump":8494,"minecraft:walk_on_water_one_cm":21270,"minecraft:interact_with_furnace":25,"minecraft:interact_with_loom":5,"minecraft:sleep_in_bed":2,"minecraft:waystone_activated":1,"minecraft:damage_dealt":73622,"minecraft:player_kills":1,"minecraft:crouch_one_cm":117288,"tombstone:undead_killed":187,"minecraft:interact_with_smoker":33,"minecraft:horse_one_cm":8528,"minecraft:interact_with_anvil":1,"minecraft:mob_kills":368,"minecraft:damage_dealt_resisted":42815,"minecraft:climb_one_cm":4656,"minecraft:walk_one_cm":605759,"minecraft:damage_dealt_absorbed":14198,"minecraft:sneak_time":34637,"minecraft:walk_under_water_one_cm":298,"minecraft:interact_with_blast_furnace":9,"minecraft:total_world_time":305018,"tombstone:raider_killed":10,"minecraft:time_since_rest":2233,"minecraft:damage_absorbed":1084,"minecraft:damage_taken":24725,"minecraft:use_wand":536,"tombstone:cast_on_ally":1,"minecraft:swim_one_cm":810,"minecraft:fly_one_cm":1368156,"minecraft:open_chest":222,"minecraft:fall_one_cm":175612},"minecraft:killed":{"born_in_chaos_v1:zombie_clown":1,"born_in_chaos_v1:mr_pumpkin":1,"minecraft:witch":1,"born_in_chaos_v1:restless_spirit":5,"mowziesmobs:umvuthi":1,"enemyexpansion:equestrian":1,"minecraft:spider":4,"born_in_chaos_v1:siamese_skeletonsright":1,"born_in_chaos_v1:scarlet_persecutor":1,"creeperoverhaul:bamboo_creeper":1,"minecraft:skeleton":21,"mowziesmobs:umvuthana_crane":3,"undead_revamp2:therod":3,"alexsmobs:centipede_head":1,"born_in_chaos_v1:supreme_bonescaller_stage_2":1,"hmag:catoblepas":1,"enemyexpansion:vampflyer":2,"artifacts:mimic":2,"minecraft:magma_cube":3,"minecraft:pig":1,"majruszsdifficulty:tank":2,"minecraft:iron_golem":1,"undead_revamp2:thebidyupside":8,"minecraft:pillager":9,"enemyexpansion:meature":1,"minecraft:zombie":63,"born_in_chaos_v1:dread_hound":14,"minecraft:stray":9,"born_in_chaos_v1:corpse_fly":14,"enemyexpansion:botfly":29,"born_in_chaos_v1:door_knight":1,"minecraft:cow":1,"born_in_chaos_v1:siamese_skeletonsleft":1,"minecraft:blaze":1,"undead_revamp2:thegliter":2,"hmag:creeper_girl":1,"enemyexpansion:vampbiter":1,"undead_revamp2:neocrorines":1,"enemyexpansion:direwolf":9,"enemyexpansion:goblin_fear":4,"born_in_chaos_v1:zombie_bruiser":4,"born_in_chaos_v1:maggot":20,"born_in_chaos_v1:baby_spider":1,"born_in_chaos_v1:dire_hound_leader":3,"enemyexpansion:faller":1,"hmag:zombie_girl":2,"hmag:dogu":1,"iceandfire:fire_dragon":1,"undead_revamp2:thebidy":1,"alexsmobs:bison":1,"majruszsdifficulty:cerberus":1,"undead_revamp2:sucker":2,"born_in_chaos_v1:fallen_chaos_knight":1,"minecraft:husk":19,"hmag:ghost":5,"born_in_chaos_v1:bone_imp_minion":6,"born_in_chaos_v1:baby_skeleton":1,"born_in_chaos_v1:swarmer":1,"undead_revamp2:the_moonflower":9,"enemyexpansion:sprinter":3,"majruszsdifficulty:cursed_armor":3,"born_in_chaos_v1:decrepit_skeleton":5,"hmag:kobold":2,"born_in_chaos_v1:bloody_gadfly":1,"undead_revamp2:thesomnolence":6,"born_in_chaos_v1:dark_vortex":2,"enemyexpansion:huntsman":3,"born_in_chaos_v1:nightmare_stalker":1,"minecraft:wither_skeleton":12,"enemyexpansion:slugger":1}},"DataVersion":3465}