{"stats":{"minecraft:broken":{"minecraft:iron_boots":2,"minecraft:stone_pickaxe":3,"minecraft:stone_axe":2,"iceandfire:armor_black_boots":1,"minecraft:chainmail_leggings":1,"iceandfire:armor_black_helmet":1,"minecraft:stone_sword":1,"minecraft:shield":1,"minecraft:turtle_helmet":1},"minecraft:crafted":{"minecraft:oak_planks":64,"minecraft:cobblestone_slab":6,"easy_villagers:incubator":1,"javd:portal_block":1,"minecraft:cooked_mutton":7,"minecraft:glass":27,"iceandfire:armor_black_helmet":1,"silentgear:rough_rod":4,"silentgear:stone_rod":4,"minecraft:chest":3,"easy_villagers:trader":3,"scalinghealth:power_crystal":3,"alexscaves:cave_book":1,"minecraft:smoker":4,"sophisticatedbackpacks:backpack":1,"minecraft:arrow":64,"minecraft:emerald":152,"gobber2:gobber2_ingot":9,"minecraft:crafting_table":10,"silentgear:saw_blade":1,"minecraft:wooden_pickaxe":1,"minecraft:fletching_table":2,"silentgear:excavator":1,"silentgear:blueprint_paper":16,"minecraft:tnt":3,"minecraft:paper":18,"sophisticatedbackpacks:diamond_backpack":1,"minecraft:stick":3752,"born_in_chaos_v1:smoked_flesh":12,"minecraft:iron_ingot":74,"silentgear:saw_blueprint":1,"minecraft:iron_pickaxe":1,"minecraft:stone_sword":2,"minecraft:composter":1,"silentgear:excavator_head":1,"minecraft:jungle_sign":3,"silentgear:pickaxe":3,"silentgear:hammer_head":2,"minecraft:coal":18,"silentgear:rod":8,"iceandfire:dragonbone_sword_fire":2,"minecraft:furnace":5,"minecraft:bone_meal":99,"born_in_chaos_v1:smoked_monster_flesh":24,"minecraft:glass_pane":17,"gobber2:gobber2_glob":3,"minecraft:leather":10,"minecraft:stone_pickaxe":5,"silentgear:sword":1,"iceandfire:armor_black_chestplate":1,"minecraft:wheat":252,"sophisticatedbackpacks:iron_backpack":1,"constructionwand:diamond_wand":2,"silentgear:saw":1,"iceandfire:dragonbone_sword":2,"iceandfire:armor_black_leggings":1,"minecraft:diamond_sword":2,"iceandfire:armor_black_boots":1,"sophisticatedbackpacks:gold_backpack":1,"scalinghealth:heart_crystal":2,"minecraft:bucket":1,"minecraft:stone_axe":2,"minecraft:jungle_slab":12,"minecraft:bread":180,"minecraft:air":3038,"minecraft:jungle_planks":1944,"minecraft:blue_dye":5,"silentgear:hammer_blueprint":1,"minecraft:white_wool":2,"minecraft:gold_nugget":9,"minecraft:acacia_sign":3,"silentgear:excavator_blueprint":1,"easy_villagers:breeder":1,"minecraft:white_bed":1,"silentgear:hammer":2,"minecraft:acacia_planks":160,"minecraft:torch":232},"minecraft:picked_up":{"silentgear:raw_crimson_iron":7,"minecraft:iron_chestplate":1,"minecraft:chainmail_boots":2,"minecraft:nether_brick_fence":1,"minecraft:lead":2,"alexscaves:cave_tablet":24,"minecraft:enchanted_book":1,"minecraft:wither_rose":1,"minecraft:potion":1,"minecraft:music_disc_cat":1,"minecraft:string":23,"minecraft:raw_copper":18,"minecraft:sticky_piston":22,"minecraft:cobbled_deepslate":452,"alexsmobs:banana":7,"minecraft:bucket":1,"minecraft:written_book":1,"minecraft:azalea":1,"born_in_chaos_v1:stimulating_decoction":2,"minecraft:melon_slice":20,"minecraft:coal_block":2,"farmersdelight:cabbage_seeds":3,"silentgems:heliodor_glowrose":5,"minecraft:iron_boots":1,"minecraft:furnace":3,"minecraft:tipped_arrow":4,"minecraft:stick":100,"artifacts:universal_attractor":1,"apotheosis:gem":29,"born_in_chaos_v1:shattered_skull":1,"iceandfire:crackled_dirt":8,"mowziesmobs:sol_visage":1,"minecraft:torch":6,"born_in_chaos_v1:flaming_evil_pumpkin":1,"minecraft:acacia_log":44,"iceandfire:lightning_dragon_flesh":3,"iceandfire:crackled_gravel":1,"tombstone:grave_dust":45,"minecraft:diorite":128,"tombstone:lollipop":18,"minecraft:zombie_spawn_egg":2,"gobber2:gobber2_foo":3,"easy_villagers:villager":3,"minecraft:stone_sword":1,"minecraft:rotten_flesh":152,"iceandfire:crackled_grass":1,"minecraft:obsidian":18,"undead_revamp2:arapholia":1,"minecraft:cobblestone":1860,"iceandfire:dragonscales_black":28,"minecraft:magma_block":1,"minecraft:leather_chestplate":2,"minecraft:feather":6,"minecraft:jungle_log":857,"minecraft:andesite":86,"minecraft:smoker":1,"alexsmobs:bison_fur":5,"minecraft:flint":9,"minecraft:tuff":39,"minecraft:wither_skeleton_skull":1,"minecraft:lapis_lazuli":21,"minecraft:dirt":165,"minecraft:name_tag":2,"born_in_chaos_v1:monster_skin":21,"minecraft:bone":91,"minecraft:chipped_anvil":1,"minecraft:acacia_planks":2,"minecraft:bow":4,"gobber2:gobber2_gooey_beef":13,"minecraft:wheat_seeds":52,"minecraft:raw_gold":65,"gobber2:gobber2_globette":135,"minecraft:mossy_stone_bricks":2,"minecraft:oak_planks":4,"gobber2:gobber2_gooey_bread":17,"minecraft:jungle_planks":10,"hmag:soul_powder":2,"minecraft:axolotl_bucket":2,"iceandfire:dragon_skull_fire":1,"minecraft:sand":163,"iceandfire:lightning_dragon_heart":2,"minecraft:barrel":1,"hmag:kobold_leather":3,"undead_revamp2:heavytooth":1,"minecraft:jungle_leaves":2,"minecraft:bundle":6,"minecraft:diamond":13,"iceandfire:crackled_stone":3,"waystones:waystone":1,"minecraft:clay_ball":20,"minecraft:crossbow":1,"minecraft:granite":83,"minecraft:bread":4,"minecraft:golden_horse_armor":3,"minecraft:chainmail_helmet":1,"minecraft:netherrack":89,"gobber2:gobber2_goo":16,"minecraft:diamond_pickaxe":1,"minecraft:cocoa_beans":12,"iceandfire:dragon_skull_lightning":2,"majruszsdifficulty:tattered_boots":2,"minecraft:crafting_table":4,"born_in_chaos_v1:smoked_monster_flesh":2,"iceandfire:witherbone":3,"minecraft:turtle_helmet":4,"born_in_chaos_v1:seedof_chaos":3,"minecraft:leather_leggings":2,"minecraft:wooden_pickaxe":2,"minecraft:chain":2,"minecraft:moss_carpet":6,"minecraft:oak_trapdoor":3,"minecraft:iron_axe":1,"minecraft:iron_shovel":4,"minecraft:cracked_stone_bricks":2,"minecraft:beef":34,"born_in_chaos_v1:gnawed_bones":4,"minecraft:player_head":4,"minecraft:jungle_sapling":71,"minecraft:iron_nugget":2,"minecraft:sugar_cane":68,"minecraft:chest":1,"minecraft:egg":1,"minecraft:raw_iron":98,"iceandfire:dragonbone":38,"minecraft:copper_ingot":5,"iceandfire:chared_grass":1,"farmersdelight:tomato_seeds":5,"born_in_chaos_v1:pieceofdarkmetal":10,"minecraft:trident":2,"minecraft:carrot":1,"minecraft:redstone":213,"minecraft:jungle_sign":1,"mowziesmobs:umvuthana_mask_faith":1,"minecraft:arrow":43,"minecraft:hay_block":38,"majruszsdifficulty:cerberus_fang":3,"minecraft:glow_berries":2,"minecraft:mutton":3,"minecraft:skeleton_skull":1,"minecraft:bone_block":20,"born_in_chaos_v1:fused_bone":3,"minecraft:stripped_oak_log":4,"born_in_chaos_v1:corpse_maggot":31,"born_in_chaos_v1:monster_flesh":44,"artifacts:digging_claws":1,"minecraft:glow_ink_sac":5,"minecraft:leather":2,"alexsmobs:acacia_blossom":2,"silentgems:black_diamond":11,"gobber2:gobber2_gooey_beefstew":2,"majruszsdifficulty:tattered_helmet":1,"minecraft:oak_log":17,"minecraft:chainmail_chestplate":2,"scalinghealth:bandages":10,"iceandfire:dragonegg_gray":1,"minecraft:gunpowder":16,"scalinghealth:heart_crystal":18,"tombstone:voodoo_poppet":2,"minecraft:white_banner":1,"minecraft:paper":5,"tombstone:gift":2,"scalinghealth:medkit":3,"hmag:fire_bottle":4,"minecraft:cooked_mutton":2,"majruszsdifficulty:tattered_leggings":1,"minecraft:iron_ingot":7,"minecraft:stone_pickaxe":1,"scalinghealth:power_crystal_shard":33,"tombstone:bag_of_seeds":7,"minecraft:glass_bottle":17,"silentgems:turquoise":2,"iceandfire:fire_dragon_flesh":23,"mowziesmobs:umvuthana_mask_misery":4,"minecraft:iron_sword":1,"minecraft:flowering_azalea":2,"minecraft:acacia_sapling":2,"minecraft:book":9,"iceandfire:chared_stone":2,"scalinghealth:heart_crystal_shard":16,"born_in_chaos_v1:orbofthe_summoner":2,"born_in_chaos_v1:ethereal_spirit":11,"minecraft:dandelion":1,"minecraft:gravel":114,"born_in_chaos_v1:dark_rod":3,"minecraft:blast_furnace":1,"born_in_chaos_v1:fangofthe_hound_leader":4,"minecraft:spider_eye":1,"undead_revamp2:rawbostrox":2,"minecraft:pumpkin_seeds":2,"minecraft:slime_ball":7,"born_in_chaos_v1:black_argillite_brick_slab":5,"minecraft:stone_axe":2,"minecraft:chainmail_leggings":2,"minecraft:iron_helmet":2,"tombstone:magic_scroll":2,"minecraft:damaged_anvil":1,"majruszsdifficulty:tattered_chestplate":2,"silentgems:topaz":36,"minecraft:coal":297},"minecraft:killed":{"born_in_chaos_v1:zombie_clown":1,"born_in_chaos_v1:mr_pumpkin":2,"minecraft:witch":1,"born_in_chaos_v1:restless_spirit":5,"mowziesmobs:umvuthi":1,"enemyexpansion:equestrian":1,"minecraft:spider":4,"born_in_chaos_v1:siamese_skeletonsright":2,"creeperoverhaul:bamboo_creeper":1,"born_in_chaos_v1:scarlet_persecutor":1,"minecraft:skeleton":21,"mowziesmobs:umvuthana_crane":3,"undead_revamp2:therod":4,"alexsmobs:centipede_head":1,"born_in_chaos_v1:supreme_bonescaller_stage_2":1,"hmag:catoblepas":1,"enemyexpansion:vampflyer":2,"artifacts:mimic":2,"minecraft:magma_cube":3,"minecraft:pig":1,"minecraft:zombie_villager":1,"minecraft:iron_golem":1,"majruszsdifficulty:tank":2,"undead_revamp2:theheavy":1,"undead_revamp2:thebidyupside":8,"minecraft:pillager":14,"enemyexpansion:meature":1,"minecraft:zombie":68,"born_in_chaos_v1:dread_hound":14,"born_in_chaos_v1:corpse_fly":14,"enemyexpansion:botfly":29,"minecraft:stray":9,"born_in_chaos_v1:door_knight":2,"alexsmobs:komodo_dragon":1,"born_in_chaos_v1:siamese_skeletonsleft":1,"minecraft:blaze":1,"minecraft:cow":1,"undead_revamp2:thegliter":3,"hmag:creeper_girl":1,"enemyexpansion:vampbiter":2,"undead_revamp2:neocrorines":1,"enemyexpansion:goblin_fear":13,"enemyexpansion:direwolf":11,"born_in_chaos_v1:zombie_bruiser":4,"born_in_chaos_v1:maggot":23,"born_in_chaos_v1:baby_spider":2,"born_in_chaos_v1:dire_hound_leader":3,"enemyexpansion:faller":1,"hmag:zombie_girl":3,"hmag:dogu":1,"iceandfire:fire_dragon":1,"undead_revamp2:thebidy":2,"alexsmobs:bison":3,"majruszsdifficulty:cerberus":1,"undead_revamp2:sucker":3,"born_in_chaos_v1:fallen_chaos_knight":1,"minecraft:husk":20,"hmag:ghost":6,"born_in_chaos_v1:bone_imp_minion":6,"born_in_chaos_v1:baby_skeleton":1,"born_in_chaos_v1:swarmer":1,"undead_revamp2:the_moonflower":11,"enemyexpansion:sprinter":3,"majruszsdifficulty:cursed_armor":5,"born_in_chaos_v1:decrepit_skeleton":5,"hmag:kobold":2,"born_in_chaos_v1:bloody_gadfly":1,"undead_revamp2:thesomnolence":6,"enemyexpansion:huntsman":4,"born_in_chaos_v1:dark_vortex":2,"born_in_chaos_v1:nightmare_stalker":1,"minecraft:wither_skeleton":12,"enemyexpansion:slugger":1},"minecraft:custom":{"minecraft:interact_with_crafting_table":99,"minecraft:open_barrel":87,"minecraft:leave_game":7,"minecraft:time_since_death":11604,"minecraft:damage_resisted":661,"minecraft:sprint_one_cm":637192,"minecraft:damage_blocked_by_shield":2040,"minecraft:drop":340,"tombstone:eaten_lollipop":10,"minecraft:talked_to_villager":4,"minecraft:play_time":389653,"minecraft:deaths":27,"minecraft:jump":10516,"minecraft:walk_on_water_one_cm":25022,"minecraft:interact_with_furnace":34,"minecraft:traded_with_villager":173,"minecraft:interact_with_loom":5,"minecraft:sleep_in_bed":7,"minecraft:waystone_activated":1,"minecraft:damage_dealt":85804,"minecraft:player_kills":1,"minecraft:crouch_one_cm":126109,"tombstone:undead_killed":207,"minecraft:interact_with_smoker":38,"minecraft:horse_one_cm":8528,"minecraft:interact_with_anvil":1,"minecraft:mob_kills":423,"minecraft:damage_dealt_resisted":47337,"minecraft:climb_one_cm":5310,"minecraft:walk_one_cm":731055,"minecraft:damage_dealt_absorbed":15083,"minecraft:sneak_time":37555,"minecraft:walk_under_water_one_cm":428,"minecraft:interact_with_blast_furnace":13,"minecraft:total_world_time":389653,"tombstone:raider_killed":15,"minecraft:time_since_rest":11524,"minecraft:damage_absorbed":1253,"minecraft:damage_taken":34776,"minecraft:use_wand":791,"tombstone:cast_on_ally":1,"minecraft:swim_one_cm":1092,"minecraft:fly_one_cm":1715769,"minecraft:open_chest":342,"minecraft:fall_one_cm":222383},"minecraft:killed_by":{"undead_revamp2:the_moonflower":1,"minecraft:wither_skeleton":1,"born_in_chaos_v1:nightmare_stalker":1,"minecraft:pillager":1,"hmag:zombie_girl":1,"mowziesmobs:umvuthi":1,"born_in_chaos_v1:siamese_skeletons":1,"minecraft:zombie":4,"hmag:dogu":1,"iceandfire:fire_dragon":10,"minecraft:husk":2,"born_in_chaos_v1:senor_pumpkin":1},"minecraft:dropped":{"minecraft:glass_bottle":4,"minecraft:crossbow":1,"minecraft:glow_berries":1,"silentgems:topaz":36,"majruszsdifficulty:tattered_helmet":1,"minecraft:jungle_planks":16,"minecraft:cracked_stone_bricks":1,"born_in_chaos_v1:pieceofdarkmetal":10,"artifacts:universal_attractor":1,"alexsmobs:bison_fur":5,"minecraft:flint":2,"born_in_chaos_v1:monster_flesh":14,"minecraft:dirt":42,"born_in_chaos_v1:monster_skin":1,"majruszsdifficulty:tattered_boots":1,"minecraft:axolotl_bucket":2,"gobber2:gobber2_goo":1,"majruszsdifficulty:tattered_leggings":1,"minecraft:bone":7,"tombstone:lollipop":2,"minecraft:gravel":36,"majruszsdifficulty:tattered_chestplate":2,"minecraft:stone_axe":1,"minecraft:sugar_cane":2,"minecraft:iron_nugget":2,"hmag:fire_bottle":2,"alexsmobs:animal_dictionary":1,"minecraft:cobbled_deepslate":171,"alexscaves:cave_tablet":30,"tombstone:gift":1,"born_in_chaos_v1:ethereal_spirit":4,"minecraft:rotten_flesh":52,"minecraft:oak_planks":7,"minecraft:cooked_mutton":3,"minecraft:chainmail_chestplate":2,"silentgear:stone_rod":4,"minecraft:leather_chestplate":2,"silentgear:sword":1,"minecraft:tipped_arrow":1,"minecraft:turtle_helmet":5,"born_in_chaos_v1:seedof_chaos":3,"minecraft:gunpowder":3,"silentgems:heliodor_glowrose":4,"minecraft:skeleton_skull":2,"born_in_chaos_v1:fangofthe_hound_leader":4,"minecraft:beetroot_seeds":2,"minecraft:melon_seeds":2,"born_in_chaos_v1:corpse_maggot":7,"minecraft:chainmail_boots":1,"apotheosis:gem":24,"minecraft:azalea":1,"minecraft:leather_leggings":1,"minecraft:arrow":12,"minecraft:beef":8,"alexsmobs:banana":4,"undead_revamp2:rawbostrox":1,"iceandfire:chared_grass":1,"minecraft:written_book":1,"minecraft:netherrack":38,"born_in_chaos_v1:shattered_skull":1,"minecraft:wheat_seeds":49,"minecraft:golden_horse_armor":3,"minecraft:cobblestone":460,"minecraft:iron_helmet":2,"minecraft:feather":6,"born_in_chaos_v1:orbofthe_summoner":1,"minecraft:granite":66,"silentgems:turquoise":2,"iceandfire:lightning_dragon_flesh":3,"minecraft:chainmail_helmet":1,"minecraft:coal":1,"minecraft:stick":38,"scalinghealth:medkit":2,"minecraft:acacia_sign":2,"born_in_chaos_v1:gnawed_bones":1,"minecraft:diorite":3,"iceandfire:dragonscales_black":2,"iceandfire:crackled_dirt":7,"minecraft:torch":20,"scalinghealth:heart_crystal":2,"born_in_chaos_v1:fused_bone":2,"minecraft:jungle_leaves":1,"born_in_chaos_v1:stimulating_decoction":2,"tombstone:grave_dust":25,"minecraft:potion":2,"iceandfire:armor_black_helmet":1,"iceandfire:crackled_grass":1,"minecraft:wither_rose":1,"minecraft:flowering_azalea":2,"minecraft:iron_axe":1,"minecraft:iron_shovel":1,"minecraft:chainmail_leggings":2,"minecraft:paper":5,"minecraft:string":1,"tombstone:voodoo_poppet":1,"minecraft:dandelion":1,"minecraft:redstone":3,"silentgear:pickaxe":2,"hmag:soul_powder":1,"minecraft:moss_carpet":6,"alexsmobs:acacia_blossom":1,"minecraft:oak_trapdoor":1,"minecraft:player_head":3,"silentgear:hammer":1,"iceandfire:lightning_dragon_heart":1,"minecraft:stone_sword":2,"minecraft:raw_copper":18,"minecraft:cocoa_beans":40,"minecraft:sticky_piston":22,"minecraft:tuff":39,"born_in_chaos_v1:smoked_monster_flesh":8,"iceandfire:dragonbone_sword_fire":1,"minecraft:stripped_oak_log":2,"iceandfire:armor_black_leggings":1,"scalinghealth:power_crystal_shard":3,"minecraft:cobblestone_slab":6,"minecraft:hay_block":10,"silentgear:fluffy_seeds":5,"minecraft:bundle":4,"minecraft:diamond_pickaxe":1,"minecraft:iron_chestplate":1,"minecraft:mossy_stone_bricks":1,"minecraft:spider_eye":1,"minecraft:slime_ball":1,"iceandfire:armor_black_chestplate":1,"minecraft:bow":3,"minecraft:wooden_pickaxe":3,"iceandfire:crackled_stone":3},"minecraft:used":{"minecraft:nether_brick_fence":1,"gobber2:gobber2_goo":1,"silentgear:sword":2,"minecraft:iron_shovel":49,"easy_villagers:breeder":1,"minecraft:melon":7,"gobber2:gobber2_gooey_bread":17,"minecraft:chest":2,"minecraft:shield":60,"minecraft:iron_sword":139,"tombstone:lollipop":10,"minecraft:player_head":1,"minecraft:rotten_flesh":3,"minecraft:jungle_planks":16,"minecraft:carrot":1,"minecraft:acacia_sapling":1,"minecraft:axolotl_bucket":3,"minecraft:obsidian":7,"born_in_chaos_v1:smoked_flesh":12,"minecraft:jungle_sapling":45,"born_in_chaos_v1:corpse_maggot":6,"iceandfire:crackled_gravel":1,"iceandfire:armor_black_helmet":5,"born_in_chaos_v1:gnawed_bones":3,"minecraft:magma_block":1,"minecraft:bow":57,"iceandfire:chared_stone":2,"minecraft:written_book":1,"minecraft:furnace":4,"minecraft:egg":1,"minecraft:diorite":3,"minecraft:oak_planks":5,"minecraft:stone_pickaxe":428,"minecraft:wooden_pickaxe":46,"minecraft:sugar_cane":57,"minecraft:glow_berries":12,"minecraft:golden_apple":6,"alexscaves:cave_book":1,"minecraft:blast_furnace":1,"minecraft:crossbow":1,"waystones:waystone":1,"born_in_chaos_v1:monster_flesh":1,"easy_villagers:villager":1,"hmag:fire_bottle":2,"scalinghealth:enchanted_heart":2,"tombstone:grave_key":6,"minecraft:melon_slice":20,"minecraft:bread":55,"born_in_chaos_v1:smoked_monster_flesh":18,"minecraft:gravel":53,"minecraft:jungle_sign":1,"minecraft:diamond_sword":111,"iceandfire:dragon_skull_fire":1,"minecraft:andesite":18,"silentgear:saw":90,"minecraft:bone_meal":81,"minecraft:experience_bottle":57,"silentgear:excavator":49,"minecraft:jungle_leaves":1,"minecraft:oak_trapdoor":2,"minecraft:stone_sword":234,"minecraft:trident":165,"born_in_chaos_v1:ethereal_spirit":6,"javd:portal_block":1,"minecraft:netherrack":51,"minecraft:torch":220,"minecraft:dirt":21,"scalinghealth:heart_crystal":22,"minecraft:iron_axe":88,"iceandfire:crackled_dirt":1,"minecraft:jungle_log":72,"easy_villagers:trader":3,"scalinghealth:power_crystal":3,"minecraft:barrel":1,"gobber2:gobber2_gooey_beef":8,"silentgear:pickaxe":400,"minecraft:beef":11,"constructionwand:diamond_wand":43,"easy_villagers:incubator":1,"alexsmobs:banana":1,"tombstone:gift":6,"minecraft:cobbled_deepslate":193,"minecraft:acacia_planks":93,"minecraft:water_bucket":1,"iceandfire:fire_dragon_flesh":2,"minecraft:cooked_mutton":6,"minecraft:cobblestone_slab":1,"iceandfire:dragon_skull_lightning":2,"minecraft:crafting_table":14,"born_in_chaos_v1:flaming_evil_pumpkin":1,"hmag:spectral_soup":1,"minecraft:smoker":5,"tombstone:bag_of_seeds":2,"minecraft:oak_log":1,"minecraft:piston":2,"minecraft:diamond_pickaxe":143,"minecraft:diamond_shovel":6,"minecraft:acacia_sign":1,"iceandfire:dragonbone_sword_fire":812,"mowziesmobs:sol_visage":3,"silentgear:hammer":366,"minecraft:stone_axe":165,"minecraft:cobblestone":1204,"minecraft:white_banner":1,"minecraft:turtle_helmet":1,"minecraft:bucket":5},"minecraft:mined":{"minecraft:jungle_leaves":2,"minecraft:obsidian":18,"minecraft:granite":63,"minecraft:acacia_log":44,"minecraft:grass_block":75,"gobber2:gobber2_ore_deepslate":134,"gobber2:gobber2_lucky_block":40,"minecraft:jungle_log":869,"silentgear:crimson_iron_ore":7,"minecraft:coal_block":2,"minecraft:frosted_ice":5,"gobber2:gobber2_ore":7,"minecraft:magma_block":1,"minecraft:iron_ore":38,"minecraft:fire":139,"minecraft:cobbled_deepslate":9,"minecraft:deepslate_lapis_ore":3,"iceandfire:crackled_dirt":6,"minecraft:player_head":1,"minecraft:deepslate_redstone_ore":12,"minecraft:smoker":1,"silentgems:black_diamond_nether_ore":11,"minecraft:clay":5,"minecraft:torch":3,"minecraft:blast_furnace":1,"minecraft:melon":4,"minecraft:cobblestone":70,"minecraft:oak_planks":4,"minecraft:sugar_cane":31,"minecraft:damaged_anvil":1,"minecraft:wall_torch":2,"silentgems:heliodor_glowrose":3,"iceandfire:crackled_stone":2,"undead_revamp2:chiseleddripstoneblock":2,"minecraft:grass":185,"minecraft:oak_log":13,"minecraft:sand":168,"minecraft:dirt":84,"minecraft:netherrack":62,"minecraft:deepslate":544,"minecraft:oak_leaves":7,"iceandfire:chared_stone":6,"minecraft:diamond_ore":1,"minecraft:tuff":42,"minecraft:deepslate_diamond_ore":12,"iceandfire:crackled_gravel":1,"born_in_chaos_v1:flaming_evil_pumpkin":1,"iceandfire:chared_dirt":3,"iceandfire:chared_grass":1,"minecraft:hay_block":11,"minecraft:oak_trapdoor":2,"minecraft:furnace":3,"minecraft:jungle_sapling":9,"iceandfire:crackled_grass":1,"minecraft:andesite":88,"minecraft:nether_brick_fence":2,"minecraft:bookshelf":3,"minecraft:cobblestone_slab":1,"minecraft:deepslate_iron_ore":58,"minecraft:vine":20,"minecraft:stripped_oak_log":2,"minecraft:stone":1488,"minecraft:bone_block":21,"minecraft:flowering_azalea":1,"minecraft:acacia_leaves":8,"minecraft:dandelion":1,"minecraft:crafting_table":4,"minecraft:copper_ore":5,"minecraft:tall_grass":35,"minecraft:deepslate_gold_ore":67,"minecraft:diorite":127,"gobber2:gobber2_lucky_block_deepslate":17,"minecraft:coal_ore":279,"minecraft:gravel":102,"minecraft:acacia_planks":3,"minecraft:chipped_anvil":1,"minecraft:jungle_wall_sign":1,"minecraft:fern":15}},"DataVersion":3465}