{"stats":{"minecraft:crafted":{"minecraft:crafting_table":1,"minecraft:jungle_planks":4},"minecraft:picked_up":{"born_in_chaos_v1:corpse_maggot":2,"minecraft:cocoa_beans":3,"minecraft:cracked_stone_bricks":8,"minecraft:rotten_flesh":6,"born_in_chaos_v1:seedof_chaos":1,"minecraft:jungle_log":3,"minecraft:copper_ingot":2,"minecraft:leather":1,"undead_revamp2:beespheromones":1,"relics:spatial_sign":2,"minecraft:beef":1,"born_in_chaos_v1:pieceofdarkmetal":7,"tombstone:grave_dust":3,"scalinghealth:heart_crystal":1,"minecraft:dirt":15,"minecraft:cobblestone":5},"minecraft:dropped":{"relics:spatial_sign":1},"minecraft:killed":{"minecraft:cow":1},"minecraft:mined":{"minecraft:grass":4,"minecraft:grass_block":1,"minecraft:vine":1,"minecraft:jungle_log":3,"minecraft:dirt":16,"minecraft:fire":11,"minecraft:oak_leaves":3,"minecraft:fern":3},"minecraft:custom":{"minecraft:open_chest":1,"minecraft:time_since_rest":15066,"minecraft:crouch_one_cm":1916,"minecraft:play_time":15066,"minecraft:sprint_one_cm":26611,"minecraft:damage_taken":143,"minecraft:walk_one_cm":24682,"minecraft:sneak_time":779,"minecraft:mob_kills":1,"minecraft:drop":1,"minecraft:jump":206,"minecraft:damage_dealt":131,"minecraft:time_since_death":15066,"minecraft:walk_on_water_one_cm":617,"minecraft:total_world_time":15066,"minecraft:climb_one_cm":744,"minecraft:fly_one_cm":36565,"minecraft:fall_one_cm":6941},"minecraft:used":{"minecraft:rotten_flesh":1,"minecraft:dirt":4}},"DataVersion":3465}