{"stats":{"minecraft:crafted":{"minecraft:crafting_table":1,"minecraft:stone_axe":1,"minecraft:jungle_planks":12,"minecraft:stick":8,"minecraft:stone_pickaxe":1},"minecraft:killed_by":{"minecraft:player":11,"born_in_chaos_v1:corpse_fly":1,"born_in_chaos_v1:sir_pumpkinhead_without_horse":1},"minecraft:picked_up":{"minecraft:wooden_axe":5,"born_in_chaos_v1:corpse_maggot":17,"minecraft:cocoa_beans":9,"minecraft:crafting_table":3,"minecraft:jungle_log":3,"born_in_chaos_v1:seedof_chaos":6,"minecraft:leather":18,"minecraft:wooden_pickaxe":5,"scalinghealth:heart_crystal":4,"silentgear:sinew":6,"minecraft:dirt":95,"minecraft:cracked_stone_bricks":48,"minecraft:wheat_seeds":1,"born_in_chaos_v1:empty_fel_lamp":2,"minecraft:spruce_planks":11,"minecraft:beef":4,"minecraft:stone_pickaxe":1,"minecraft:iron_nugget":36,"minecraft:bamboo":15,"minecraft:iron_sword":1,"minecraft:stick":12,"minecraft:copper_ingot":12,"minecraft:torch":1,"silentgear:katana_blueprint":3,"minecraft:jungle_planks":20,"minecraft:sand":8,"tombstone:grave_dust":26,"born_in_chaos_v1:pieceofdarkmetal":42,"alexsmobs:animal_dictionary":7,"minecraft:rotten_flesh":11,"minecraft:stone_axe":5,"relics:spatial_sign":2,"undead_revamp2:beespheromones":4,"alexsmobs:flying_fish":1,"minecraft:cobblestone":33},"minecraft:dropped":{"minecraft:wooden_axe":1,"minecraft:wooden_pickaxe":1,"silentgear:katana_blueprint":3,"relics:spatial_sign":1},"minecraft:killed":{"born_in_chaos_v1:mr_pumpkin":5,"creeperoverhaul:bamboo_creeper":1,"minecraft:cow":3},"minecraft:mined":{"minecraft:white_bed":1,"minecraft:crafting_table":1,"minecraft:grass_block":2,"minecraft:jungle_log":3,"minecraft:wall_torch":1,"minecraft:fire":12,"minecraft:grass":19,"minecraft:vine":1,"minecraft:dirt":17,"minecraft:stone":3,"minecraft:oak_leaves":3,"minecraft:fern":14},"minecraft:custom":{"minecraft:mob_kills":9,"minecraft:interact_with_crafting_table":1,"minecraft:open_barrel":2,"minecraft:damage_dealt_resisted":228,"minecraft:leave_game":1,"minecraft:time_since_death":0,"minecraft:climb_one_cm":2063,"minecraft:time_since_rest":17,"minecraft:sprint_one_cm":91920,"minecraft:damage_taken":4679,"minecraft:walk_one_cm":107306,"minecraft:drop":6,"minecraft:damage_dealt":3093,"minecraft:fly_one_cm":139784,"minecraft:player_kills":1,"minecraft:open_chest":1,"minecraft:crouch_one_cm":5928,"minecraft:play_time":49370,"minecraft:deaths":14,"minecraft:sneak_time":2325,"minecraft:jump":739,"minecraft:walk_on_water_one_cm":617,"minecraft:total_world_time":49370,"minecraft:fall_one_cm":17103},"minecraft:used":{"minecraft:stone_pickaxe":2,"minecraft:wooden_pickaxe":6,"minecraft:rotten_flesh":1,"minecraft:torch":1,"minecraft:dirt":4,"scalinghealth:heart_crystal":2,"minecraft:crafting_table":1,"alexsmobs:flying_fish":1,"born_in_chaos_v1:corpse_maggot":2,"tombstone:grave_key":6,"minecraft:stone_axe":82,"minecraft:beef":3,"minecraft:written_book":1,"tombstone:gift":4,"alexsmobs:animal_dictionary":1}},"DataVersion":3465}