{"stats":{"minecraft:crafted":{"minecraft:crafting_table":1,"minecraft:stick":8,"minecraft:stone_pickaxe":1,"minecraft:stone_axe":1,"minecraft:jungle_planks":12},"minecraft:killed_by":{"born_in_chaos_v1:corpse_fly":1,"minecraft:player":1,"born_in_chaos_v1:sir_pumpkinhead_without_horse":1},"minecraft:picked_up":{"minecraft:cocoa_beans":6,"born_in_chaos_v1:corpse_maggot":8,"minecraft:stick":4,"minecraft:crafting_table":2,"born_in_chaos_v1:seedof_chaos":2,"minecraft:jungle_log":3,"minecraft:copper_ingot":4,"minecraft:leather":6,"minecraft:torch":1,"silentgear:katana_blueprint":3,"minecraft:jungle_planks":4,"tombstone:grave_dust":7,"born_in_chaos_v1:pieceofdarkmetal":14,"scalinghealth:heart_crystal":4,"silentgear:sinew":2,"alexsmobs:animal_dictionary":2,"minecraft:dirt":30,"minecraft:rotten_flesh":11,"minecraft:stone_axe":1,"minecraft:cracked_stone_bricks":16,"undead_revamp2:beespheromones":2,"relics:spatial_sign":2,"minecraft:beef":4,"minecraft:stone_pickaxe":1,"minecraft:bamboo":3,"minecraft:cobblestone":18},"minecraft:dropped":{"silentgear:katana_blueprint":2,"relics:spatial_sign":1},"minecraft:mined":{"minecraft:fire":12,"minecraft:crafting_table":1,"minecraft:grass":15,"minecraft:grass_block":2,"minecraft:vine":1,"minecraft:jungle_log":3,"minecraft:dirt":16,"minecraft:oak_leaves":3,"minecraft:wall_torch":1,"minecraft:fern":12},"minecraft:killed":{"born_in_chaos_v1:mr_pumpkin":5,"creeperoverhaul:bamboo_creeper":1,"minecraft:cow":3},"minecraft:custom":{"minecraft:time_since_rest":146,"minecraft:sprint_one_cm":70233,"minecraft:damage_taken":1521,"minecraft:walk_one_cm":77500,"minecraft:mob_kills":9,"minecraft:drop":3,"minecraft:damage_dealt":2444,"minecraft:player_kills":1,"minecraft:interact_with_crafting_table":1,"minecraft:fly_one_cm":100092,"minecraft:open_chest":1,"minecraft:crouch_one_cm":4995,"minecraft:play_time":37370,"minecraft:deaths":4,"minecraft:sneak_time":1848,"minecraft:damage_dealt_resisted":200,"minecraft:jump":557,"minecraft:leave_game":1,"minecraft:walk_on_water_one_cm":617,"minecraft:time_since_death":461,"minecraft:climb_one_cm":1567,"minecraft:total_world_time":37370,"minecraft:fall_one_cm":15194},"minecraft:used":{"minecraft:stone_pickaxe":2,"tombstone:grave_key":1,"minecraft:rotten_flesh":1,"minecraft:stone_axe":67,"minecraft:torch":1,"minecraft:dirt":4,"minecraft:beef":3,"minecraft:crafting_table":1,"alexsmobs:animal_dictionary":1,"tombstone:gift":2}},"DataVersion":3465}