{"stats":{"minecraft:crafted":{"minecraft:crafting_table":1,"minecraft:jungle_planks":4},"minecraft:picked_up":{"minecraft:rotten_flesh":4,"minecraft:jungle_log":1,"minecraft:copper_ingot":2,"minecraft:leather":1,"undead_revamp2:beespheromones":1,"relics:spatial_sign":1,"minecraft:beef":1,"scalinghealth:heart_crystal":1},"minecraft:dropped":{"relics:spatial_sign":1},"minecraft:killed":{"minecraft:cow":1},"minecraft:mined":{"minecraft:grass":2,"minecraft:jungle_log":1,"minecraft:oak_leaves":3,"minecraft:fern":2},"minecraft:custom":{"minecraft:time_since_rest":3066,"minecraft:crouch_one_cm":165,"minecraft:play_time":3066,"minecraft:sprint_one_cm":11473,"minecraft:walk_one_cm":11905,"minecraft:sneak_time":112,"minecraft:mob_kills":1,"minecraft:drop":1,"minecraft:jump":78,"minecraft:damage_dealt":103,"minecraft:time_since_death":3066,"minecraft:walk_on_water_one_cm":617,"minecraft:total_world_time":3066,"minecraft:climb_one_cm":430,"minecraft:fly_one_cm":16653,"minecraft:fall_one_cm":2572}},"DataVersion":3465}