{"stats":{"minecraft:crafted":{"minecraft:crafting_table":1,"minecraft:jungle_planks":4},"minecraft:killed_by":{"born_in_chaos_v1:corpse_fly":1},"minecraft:picked_up":{"minecraft:cocoa_beans":3,"born_in_chaos_v1:corpse_maggot":4,"born_in_chaos_v1:seedof_chaos":1,"minecraft:jungle_log":3,"minecraft:copper_ingot":2,"minecraft:leather":1,"minecraft:torch":1,"tombstone:grave_dust":3,"born_in_chaos_v1:pieceofdarkmetal":7,"scalinghealth:heart_crystal":2,"minecraft:dirt":16,"minecraft:rotten_flesh":6,"minecraft:cracked_stone_bricks":8,"undead_revamp2:beespheromones":1,"relics:spatial_sign":2,"minecraft:beef":1,"minecraft:cobblestone":9},"minecraft:dropped":{"relics:spatial_sign":1},"minecraft:killed":{"minecraft:cow":1},"minecraft:mined":{"minecraft:fire":11,"minecraft:grass":5,"minecraft:grass_block":2,"minecraft:vine":1,"minecraft:jungle_log":3,"minecraft:dirt":16,"minecraft:oak_leaves":3,"minecraft:wall_torch":1,"minecraft:fern":5},"minecraft:custom":{"minecraft:time_since_rest":8200,"minecraft:sprint_one_cm":32777,"minecraft:damage_taken":472,"minecraft:walk_one_cm":45086,"minecraft:mob_kills":1,"minecraft:drop":1,"minecraft:damage_dealt":270,"minecraft:fly_one_cm":39854,"minecraft:open_chest":1,"minecraft:crouch_one_cm":2032,"minecraft:play_time":25370,"minecraft:deaths":1,"minecraft:sneak_time":820,"minecraft:jump":240,"minecraft:leave_game":1,"minecraft:walk_on_water_one_cm":617,"minecraft:time_since_death":8585,"minecraft:climb_one_cm":910,"minecraft:total_world_time":25370,"minecraft:fall_one_cm":7611},"minecraft:used":{"minecraft:rotten_flesh":1,"minecraft:torch":1,"minecraft:dirt":4,"tombstone:gift":2}},"DataVersion":3465}