{"stats":{"minecraft:broken":{"minecraft:iron_shovel":1,"minecraft:iron_chestplate":2,"minecraft:chainmail_boots":1,"minecraft:stone_pickaxe":1,"minecraft:stone_axe":1,"minecraft:leather_helmet":1,"minecraft:chainmail_helmet":1,"minecraft:shield":1,"minecraft:iron_axe":1,"minecraft:iron_pickaxe":2},"minecraft:dropped":{"minecraft:porkchop":1,"minecraft:leather":1,"minecraft:leather_helmet":1,"born_in_chaos_v1:monster_flesh":3,"minecraft:dirt":13,"minecraft:dark_oak_fence":4,"minecraft:iron_pickaxe":1,"majruszsdifficulty:tattered_leggings":1,"minecraft:white_wool":1,"minecraft:gravel":1,"minecraft:cobbled_deepslate":2,"minecraft:wheat":2,"born_in_chaos_v1:ethereal_spirit":1,"undead_revamp2:arapholia":1,"minecraft:rotten_flesh":23,"minecraft:white_bed":1,"gobber2:gobber2_staff_ensnarement":1,"minecraft:tipped_arrow":1,"minecraft:trident":1,"minecraft:jungle_log":4,"minecraft:leather_boots":1,"minecraft:glass":14,"alexsmobs:banana":3,"minecraft:oak_leaves":7,"minecraft:egg":5,"minecraft:iron_ingot":18,"minecraft:wheat_seeds":21,"minecraft:cobblestone":5,"minecraft:granite":4,"silentgear:sinew":2,"minecraft:stick":2,"minecraft:melon_slice":64,"tombstone:voodoo_poppet":2,"minecraft:redstone":157,"minecraft:tuff":2,"minecraft:light_gray_wool":1,"minecraft:iron_boots":1,"minecraft:oak_sapling":1,"minecraft:barrel":2,"minecraft:wooden_pickaxe":1},"minecraft:crafted":{"minecraft:oak_planks":105,"minecraft:pink_bed":1,"minecraft:cooked_chicken":12,"minecraft:stone":160,"minecraft:bookshelf":2,"minecraft:cooked_mutton":9,"minecraft:glass":45,"minecraft:iron_boots":2,"minecraft:chest":20,"minecraft:stone_bricks":40,"minecraft:pumpkin":1,"minecraft:arrow":32,"minecraft:cooked_porkchop":9,"minecraft:iron_helmet":1,"minecraft:pumpkin_seeds":1,"minecraft:birch_planks":6,"minecraft:iron_chestplate":2,"minecraft:book":7,"minecraft:paper":9,"minecraft:diamond_pickaxe":1,"minecraft:yellow_dye":1,"minecraft:shield":1,"minecraft:stick":38,"minecraft:iron_ingot":166,"minecraft:iron_pickaxe":3,"minecraft:iron_block":3,"minecraft:shears":1,"farmersdelight:onion":1,"minecraft:jungle_sign":2,"minecraft:oak_door":3,"minecraft:iron_nugget":9,"minecraft:furnace":2,"minecraft:yellow_bed":1,"minecraft:bone_meal":2,"minecraft:pink_dye":1,"minecraft:iron_axe":5,"minecraft:ladder":3,"minecraft:iron_hoe":1,"minecraft:stone_pickaxe":1,"minecraft:dark_oak_planks":4,"minecraft:enchanting_table":1,"minecraft:iron_sword":2,"scalinghealth:heart_crystal":2,"minecraft:bucket":1,"minecraft:stone_axe":2,"minecraft:jungle_planks":53,"minecraft:air":396,"minecraft:jungle_door":4,"minecraft:iron_shovel":2,"minecraft:iron_leggings":2,"minecraft:anvil":1,"minecraft:white_bed":4,"minecraft:torch":4},"minecraft:picked_up":{"hmag:lightning_particle":3,"minecraft:iron_chestplate":1,"minecraft:wheat":16,"minecraft:anvil":3,"minecraft:smithing_table":1,"minecraft:lead":5,"minecraft:potion":3,"minecraft:wither_rose":3,"minecraft:enchanted_book":2,"silentgear:fluffy_seeds":26,"born_in_chaos_v1:black_argillite":5,"iceandfire:manuscript":10,"silentgear:sinew":23,"minecraft:string":25,"born_in_chaos_v1:mesh_door":1,"minecraft:raw_copper":11,"silentgems:sapphire":21,"minecraft:iron_leggings":1,"minecraft:experience_bottle":36,"minecraft:shroomlight":10,"alexsmobs:banana":36,"minecraft:cobbled_deepslate":210,"minecraft:bucket":2,"minecraft:acacia_sign":2,"minecraft:red_dye":11,"minecraft:written_book":4,"minecraft:melon_slice":252,"silentgems:heliodor_glowrose":8,"farmersdelight:cabbage_seeds":16,"minecraft:iron_boots":1,"minecraft:furnace":3,"silentgear:saw_blueprint":1,"minecraft:tipped_arrow":26,"silentgems:white_diamond_glowrose":1,"minecraft:stick":118,"apotheosis:gem":16,"born_in_chaos_v1:shattered_skull":6,"minecraft:jungle_door":5,"minecraft:torch":24,"born_in_chaos_v1:flaming_evil_pumpkin":1,"minecraft:porkchop":12,"tombstone:grave_dust":104,"minecraft:diorite":41,"born_in_chaos_v1:nightmare_claw":2,"minecraft:vine":5,"tombstone:lollipop":7,"silentgems:rose_quartz_glowrose":1,"gobber2:gobber2_foo":6,"minecraft:stone_sword":1,"silentgear:leather_scrap":3,"minecraft:rotten_flesh":192,"silentgear:rod":4,"farmersdelight:onion":2,"silentgear:axe_blueprint":2,"silentgems:citrine_glowrose":12,"minecraft:blue_dye":1,"silentgear:shovel_blueprint":2,"majruszsdifficulty:undead_army_treasure_bag":1,"minecraft:obsidian":4,"undead_revamp2:arapholia":10,"hmag:spectral_soup":2,"minecraft:cobblestone":1996,"iceandfire:dragonscales_black":2,"minecraft:birch_log":6,"minecraft:leather_chestplate":1,"minecraft:feather":54,"farmersdelight:rice":3,"minecraft:jungle_log":48,"minecraft:andesite":48,"minecraft:smoker":1,"minecraft:potato":4,"minecraft:tuff":20,"minecraft:lapis_lazuli":122,"farmersdelight:tomato":6,"minecraft:dirt":884,"iceandfire:armor_black_leggings":1,"born_in_chaos_v1:marigolds":3,"minecraft:leather_boots":1,"minecraft:glass":14,"minecraft:bone":146,"minecraft:acacia_planks":83,"minecraft:bow":1,"gobber2:gobber2_gooey_beef":2,"minecraft:wheat_seeds":239,"minecraft:raw_gold":14,"minecraft:bamboo":5,"minecraft:oak_planks":14,"gobber2:gobber2_gooey_bread":1,"minecraft:music_disc_13":2,"hmag:soul_powder":3,"minecraft:axolotl_bucket":2,"gobber2:gobber2_staff_ensnarement":1,"minecraft:sand":57,"minecraft:jungle_planks":50,"iceandfire:lightning_dragon_heart":2,"minecraft:jungle_slab":5,"alexsmobs:animal_dictionary":4,"minecraft:barrel":6,"minecraft:jungle_leaves":1,"minecraft:bundle":1,"minecraft:sugar":2,"born_in_chaos_v1:fire_dust":10,"minecraft:diamond":18,"minecraft:crossbow":15,"minecraft:granite":80,"minecraft:grass":17,"minecraft:bone_meal":10,"minecraft:chainmail_helmet":1,"minecraft:bread":66,"minecraft:cyan_dye":2,"minecraft:oak_sapling":4,"minecraft:netherrack":4,"minecraft:dark_oak_fence":5,"minecraft:oak_leaves":39,"gobber2:gobber2_goo":12,"iceandfire:raw_silver":36,"minecraft:charcoal":6,"minecraft:crafting_table":6,"sophisticatedbackpacks:gold_backpack":1,"minecraft:cocoa_beans":19,"born_in_chaos_v1:diamond_termite_shard":1,"minecraft:azure_bluet":2,"minecraft:chicken":12,"iceandfire:witherbone":2,"born_in_chaos_v1:smoked_monster_flesh":6,"minecraft:ladder":1,"minecraft:clay_ball":40,"born_in_chaos_v1:seedof_chaos":1,"iceandfire:fire_lily":3,"minecraft:leather_leggings":1,"minecraft:wooden_pickaxe":3,"silentgear:shield_blueprint":1,"silentgear:pickaxe_blueprint":2,"minecraft:chain":2,"minecraft:shield":1,"minecraft:cornflower":1,"minecraft:iron_axe":1,"born_in_chaos_v1:intoxicating_decoction":4,"minecraft:item_frame":4,"silentgems:raw_silver":30,"silentgems:peridot_glowrose":3,"minecraft:beef":22,"minecraft:jungle_sapling":8,"born_in_chaos_v1:gnawed_bones":1,"minecraft:player_head":4,"silentgems:peridot":26,"minecraft:light_gray_wool":1,"silentgems:alexandrite_glowrose":3,"minecraft:sugar_cane":383,"minecraft:chest":21,"minecraft:birch_sapling":1,"minecraft:piston":4,"minecraft:egg":5,"minecraft:raw_iron":113,"minecraft:copper_ingot":2,"silentgear:hammer":1,"minecraft:white_dye":1,"farmersdelight:tomato_seeds":44,"born_in_chaos_v1:pieceofdarkmetal":14,"minecraft:trident":7,"minecraft:carrot":33,"minecraft:redstone":157,"minecraft:jungle_sign":5,"minecraft:dark_oak_planks":4,"mowziesmobs:umvuthana_mask_faith":1,"minecraft:arrow":18,"minecraft:beetroot_seeds":10,"minecraft:diamond_boots":1,"iceandfire:armor_black_helmet":1,"majruszsdifficulty:soul_jar":2,"tombstone:essence_of_undeath":3,"majruszsdifficulty:cerberus_fang":3,"minecraft:mutton":16,"minecraft:white_wool":15,"iceandfire:armor_black_chestplate":2,"silentgear:knife_blueprint":2,"born_in_chaos_v1:fused_bone":2,"born_in_chaos_v1:corpse_maggot":53,"minecraft:purple_dye":1,"silentgear:flax_seeds":3,"born_in_chaos_v1:monster_flesh":14,"minecraft:glow_ink_sac":15,"minecraft:tripwire_hook":2,"hmag:reinforcing_chain":2,"gobber2:gobber2_gooey_beefstew":1,"minecraft:leather":8,"majruszsdifficulty:tattered_helmet":2,"majruszsdifficulty:cloth":54,"minecraft:birch_planks":18,"silentgear:blueprint_package":2,"minecraft:oak_log":27,"scalinghealth:bandages":16,"iceandfire:ectoplasm":3,"silentgear:hammer_blueprint":2,"minecraft:golden_boots":2,"minecraft:gunpowder":9,"tombstone:voodoo_poppet":1,"scalinghealth:heart_crystal":9,"relics:spore_sack":1,"tombstone:gift":1,"silentgear:rough_rod":3,"minecraft:paper":2,"scalinghealth:medkit":3,"minecraft:white_banner":3,"minecraft:cooked_mutton":3,"silentgems:ammolite_glowrose":3,"minecraft:apple":7,"minecraft:stone_bricks":76,"majruszsdifficulty:tattered_leggings":1,"silentgems:ruby":24,"minecraft:iron_ingot":11,"minecraft:cooked_chicken":4,"minecraft:cobweb":2,"scalinghealth:power_crystal_shard":1,"tombstone:bag_of_seeds":1,"minecraft:glass_bottle":8,"minecraft:iron_sword":2,"mowziesmobs:umvuthana_mask_misery":1,"minecraft:acacia_sapling":1,"minecraft:book":21,"iceandfire:copper_nugget":32,"scalinghealth:heart_crystal_shard":57,"minecraft:pumpkin":2,"minecraft:quartz":16,"born_in_chaos_v1:ethereal_spirit":26,"minecraft:dandelion":2,"minecraft:gravel":87,"born_in_chaos_v1:fangofthe_hound_leader":2,"minecraft:blast_furnace":5,"majruszsdifficulty:bandage":14,"silentgear:bort":2,"minecraft:spider_eye":6,"minecraft:leather_helmet":2,"undead_revamp2:rawbostrox":1,"minecraft:sculk_sensor":4,"minecraft:slime_ball":10,"minecraft:stone_axe":1,"minecraft:iron_helmet":2,"silentgear:sword_blueprint":1,"minecraft:baked_potato":1,"tombstone:magic_scroll":3,"minecraft:melon_seeds":6,"minecraft:coal":155,"minecraft:pink_dye":2,"silentgear:sword":1},"minecraft:custom":{"minecraft:interact_with_crafting_table":80,"minecraft:open_barrel":46,"minecraft:leave_game":4,"minecraft:time_since_death":31130,"minecraft:damage_resisted":763,"minecraft:sprint_one_cm":1258774,"minecraft:damage_blocked_by_shield":4805,"minecraft:drop":69,"tombstone:eaten_lollipop":8,"minecraft:talked_to_villager":9,"minecraft:play_time":561221,"minecraft:deaths":4,"minecraft:jump":9414,"minecraft:walk_on_water_one_cm":60776,"minecraft:interact_with_furnace":54,"minecraft:traded_with_villager":4,"minecraft:sleep_in_bed":13,"minecraft:waystone_activated":1,"tombstone:sneak_grave":1,"minecraft:damage_dealt":36151,"minecraft:crouch_one_cm":318433,"tombstone:undead_killed":49,"tombstone:villager_killed":1,"minecraft:interact_with_smoker":11,"minecraft:horse_one_cm":43817,"minecraft:interact_with_anvil":10,"minecraft:mob_kills":156,"minecraft:inspect_hopper":1,"minecraft:damage_dealt_resisted":7069,"minecraft:climb_one_cm":13908,"minecraft:walk_one_cm":1273080,"minecraft:damage_dealt_absorbed":2985,"minecraft:sneak_time":107834,"minecraft:walk_under_water_one_cm":26798,"minecraft:interact_with_blast_furnace":28,"minecraft:total_world_time":561221,"tombstone:raider_killed":26,"minecraft:raid_trigger":1,"minecraft:time_since_rest":16682,"minecraft:damage_taken":13996,"minecraft:trigger_trapped_chest":3,"minecraft:swim_one_cm":36412,"minecraft:fly_one_cm":2238512,"minecraft:open_chest":448,"minecraft:fall_one_cm":269145},"minecraft:used":{"silentgear:sword":171,"minecraft:iron_shovel":514,"minecraft:ladder":4,"minecraft:chest":38,"gobber2:gobber2_gooey_bread":1,"minecraft:shield":67,"minecraft:iron_sword":418,"tombstone:lollipop":8,"minecraft:grass":13,"minecraft:player_head":4,"minecraft:cocoa_beans":4,"minecraft:jungle_planks":31,"minecraft:acacia_sapling":1,"minecraft:tuff":15,"minecraft:axolotl_bucket":6,"minecraft:glass":17,"minecraft:jungle_sapling":4,"born_in_chaos_v1:corpse_maggot":1,"minecraft:birch_sapling":1,"born_in_chaos_v1:gnawed_bones":1,"minecraft:stone_bricks":190,"minecraft:item_frame":3,"minecraft:oak_sapling":1,"minecraft:furnace":5,"minecraft:diorite":7,"minecraft:oak_planks":9,"minecraft:stone_pickaxe":131,"minecraft:sugar_cane":11,"minecraft:oak_leaves":30,"minecraft:sand":16,"minecraft:blast_furnace":5,"minecraft:shears":55,"gobber2:gobber2_gooey_beefstew":1,"born_in_chaos_v1:monster_flesh":1,"minecraft:melon_slice":26,"minecraft:bread":39,"tombstone:grave_key":5,"born_in_chaos_v1:smoked_monster_flesh":6,"minecraft:jungle_sign":11,"minecraft:dark_oak_fence":1,"minecraft:smithing_table":1,"minecraft:jungle_leaves":1,"minecraft:bone_meal":2,"minecraft:experience_bottle":66,"minecraft:enchanting_table":1,"born_in_chaos_v1:ethereal_spirit":7,"minecraft:cooked_chicken":16,"minecraft:oak_door":3,"minecraft:torch":28,"minecraft:dirt":555,"minecraft:anvil":4,"scalinghealth:heart_crystal":8,"minecraft:granite":7,"minecraft:shroomlight":12,"minecraft:iron_hoe":215,"minecraft:bookshelf":2,"minecraft:iron_axe":489,"minecraft:jungle_log":5,"minecraft:iron_boots":2,"minecraft:barrel":1,"gobber2:gobber2_staff_ensnarement":2,"gobber2:gobber2_gooey_beef":2,"minecraft:goat_horn":1,"tombstone:gift":12,"undead_revamp2:arapholia":1,"minecraft:cooked_beef":7,"minecraft:cobbled_deepslate":84,"minecraft:pumpkin":2,"minecraft:iron_leggings":1,"minecraft:cooked_mutton":12,"minecraft:water_bucket":42,"minecraft:vine":5,"minecraft:white_bed":1,"minecraft:crafting_table":5,"minecraft:smoker":1,"tombstone:bag_of_seeds":2,"minecraft:diamond_pickaxe":181,"majruszsdifficulty:undead_army_treasure_bag":2,"minecraft:acacia_sign":2,"minecraft:iron_pickaxe":758,"silentgear:hammer":261,"minecraft:stone_axe":123,"minecraft:pink_bed":1,"minecraft:cobblestone":1422,"minecraft:white_banner":3,"minecraft:cooked_porkchop":9,"minecraft:jungle_door":9,"minecraft:bucket":48,"minecraft:yellow_bed":1,"minecraft:dandelion":1},"minecraft:killed":{"born_in_chaos_v1:zombie_clown":1,"born_in_chaos_v1:mr_pumpkin":1,"minecraft:witch":1,"born_in_chaos_v1:restless_spirit":1,"minecraft:spider":2,"undead_revamp2:thesmoker":1,"born_in_chaos_v1:scarlet_persecutor":1,"minecraft:skeleton":13,"minecraft:bee":1,"minecraft:chicken":13,"undead_revamp2:therod":1,"undead_revamp2:thepregnant":2,"born_in_chaos_v1:firelight_not_despawn":1,"minecraft:pig":7,"born_in_chaos_v1:diamond_termite":1,"minecraft:sheep":14,"minecraft:trader_llama":2,"minecraft:pillager":25,"minecraft:zombie":8,"born_in_chaos_v1:dread_hound":1,"born_in_chaos_v1:corpse_fly":7,"minecraft:stray":1,"born_in_chaos_v1:door_knight":1,"minecraft:cow":5,"hmag:skeleton_girl":1,"enemyexpansion:goblin_fear":1,"enemyexpansion:direwolf":2,"born_in_chaos_v1:zombie_bruiser":1,"hmag:zombie_girl":1,"undead_revamp2:thebidy":6,"mowziesmobs:umvuthana":1,"born_in_chaos_v1:spiritof_chaos":1,"born_in_chaos_v1:spirit_guide":1,"hmag:ghost":1,"born_in_chaos_v1:baby_skeleton":1,"born_in_chaos_v1:swarmer":1,"minecraft:wandering_trader":1,"majruszsdifficulty:cursed_armor":1,"mowziesmobs:umvuthana_follower_raptor":1,"born_in_chaos_v1:decrepit_skeleton":2,"undead_revamp2:thesomnolence":2,"iceandfire:ghost":6},"minecraft:killed_by":{"minecraft:zombie":3},"minecraft:mined":{"undead_revamp2:arapholia":2,"silentgems:rose_quartz_glowrose":1,"minecraft:jungle_leaves":162,"minecraft:obsidian":4,"minecraft:granite":23,"minecraft:grass_block":519,"gobber2:gobber2_lucky_block":8,"minecraft:jungle_log":44,"minecraft:frosted_ice":1,"minecraft:spawner":2,"minecraft:iron_ore":104,"minecraft:barrel":3,"minecraft:fire":26,"minecraft:cobbled_deepslate":2,"minecraft:pumpkin":1,"minecraft:anvil":3,"minecraft:deepslate_lapis_ore":3,"silentgear:deepslate_bort_ore":2,"silentgems:citrine_glowrose":4,"minecraft:azure_bluet":1,"minecraft:iron_bars":1,"minecraft:white_banner":1,"minecraft:player_head":1,"minecraft:deepslate_redstone_ore":38,"silentgems:peridot_ore":21,"minecraft:jungle_door":4,"minecraft:player_wall_head":2,"minecraft:smoker":1,"minecraft:torch":9,"minecraft:blast_furnace":5,"minecraft:melon":35,"minecraft:chest":20,"iceandfire:fire_lily":1,"minecraft:nether_quartz_ore":17,"minecraft:glass":14,"undead_revamp2:chiseled_dripstonepillar":1,"minecraft:cobblestone":96,"minecraft:oak_planks":5,"minecraft:sugar_cane":17,"minecraft:wall_torch":13,"silentgems:silver_ore":18,"minecraft:wheat":2,"minecraft:birch_log":6,"minecraft:wither_rose":1,"minecraft:grass":328,"undead_revamp2:chiseleddripstonepillartop":2,"minecraft:oak_log":27,"minecraft:sand":13,"minecraft:dirt":247,"minecraft:netherrack":4,"minecraft:deepslate":130,"minecraft:oak_leaves":111,"silentgems:ruby_ore":15,"minecraft:tuff":3,"iceandfire:silver_ore":36,"silentgems:ammolite_glowrose":2,"silentgear:wild_flax_plant":1,"minecraft:deepslate_diamond_ore":18,"farmersdelight:wild_carrots":11,"silentgems:deepslate_peridot_ore":5,"minecraft:dark_oak_fence":5,"silentgems:peridot_glowrose":1,"minecraft:jungle_planks":27,"born_in_chaos_v1:black_argillite":6,"born_in_chaos_v1:gnawed_bones":1,"silentgems:deepslate_ruby_ore":9,"minecraft:furnace":3,"minecraft:andesite":26,"minecraft:shroomlight":10,"minecraft:deepslate_iron_ore":19,"minecraft:vine":13,"minecraft:stone":1618,"scalinghealth:heart_crystal_ore":1,"minecraft:smithing_table":1,"minecraft:dandelion":1,"silentgear:wild_fluffy_plant":2,"minecraft:crafting_table":5,"silentgems:deepslate_sapphire_ore":1,"silentgems:white_diamond_glowrose":1,"minecraft:campfire":1,"minecraft:copper_ore":3,"minecraft:tall_grass":103,"silentgems:deepslate_silver_ore":12,"farmersdelight:wild_tomatoes":10,"minecraft:deepslate_gold_ore":8,"minecraft:lapis_ore":23,"minecraft:diorite":21,"silentgems:deepslate_turquoise_ore":1,"minecraft:birch_leaves":21,"gobber2:gobber2_lucky_block_deepslate":2,"minecraft:coal_ore":54,"minecraft:cocoa":1,"minecraft:acacia_planks":75,"minecraft:stone_bricks":19,"silentgems:sapphire_ore":20,"minecraft:gold_ore":9,"minecraft:jungle_wall_sign":5,"minecraft:fern":47}},"DataVersion":3465}