{"stats":{"minecraft:mined":{"undead_revamp2:arapholia":1,"silentgems:rose_quartz_glowrose":1,"minecraft:jungle_leaves":2,"minecraft:granite":5,"minecraft:grass_block":32,"gobber2:gobber2_lucky_block":8,"minecraft:jungle_log":5,"minecraft:frosted_ice":1,"minecraft:spawner":2,"minecraft:barrel":1,"minecraft:fire":8,"minecraft:iron_ore":92,"minecraft:cobbled_deepslate":2,"minecraft:pumpkin":1,"minecraft:deepslate_lapis_ore":3,"minecraft:anvil":1,"silentgear:deepslate_bort_ore":2,"minecraft:azure_bluet":1,"minecraft:deepslate_redstone_ore":4,"silentgems:peridot_ore":21,"minecraft:torch":8,"minecraft:blast_furnace":3,"minecraft:melon":20,"iceandfire:fire_lily":1,"undead_revamp2:chiseled_dripstonepillar":1,"minecraft:cobblestone":15,"minecraft:oak_planks":5,"minecraft:wall_torch":10,"silentgems:silver_ore":18,"minecraft:wheat":2,"minecraft:wither_rose":1,"minecraft:grass":252,"undead_revamp2:chiseleddripstonepillartop":2,"minecraft:oak_log":26,"minecraft:dirt":66,"minecraft:oak_leaves":25,"minecraft:deepslate":46,"silentgems:ruby_ore":15,"iceandfire:silver_ore":30,"silentgems:ammolite_glowrose":2,"silentgear:wild_flax_plant":1,"minecraft:dark_oak_fence":5,"silentgems:peridot_glowrose":1,"minecraft:jungle_planks":9,"born_in_chaos_v1:black_argillite":6,"born_in_chaos_v1:gnawed_bones":1,"silentgems:deepslate_ruby_ore":9,"minecraft:furnace":1,"minecraft:andesite":6,"minecraft:deepslate_iron_ore":19,"minecraft:stone":187,"minecraft:dandelion":1,"minecraft:crafting_table":3,"silentgear:wild_fluffy_plant":2,"silentgems:deepslate_sapphire_ore":1,"silentgems:white_diamond_glowrose":1,"minecraft:campfire":1,"minecraft:tall_grass":12,"silentgems:deepslate_silver_ore":12,"minecraft:lapis_ore":13,"minecraft:deepslate_gold_ore":6,"gobber2:gobber2_lucky_block_deepslate":2,"minecraft:coal_ore":54,"minecraft:acacia_planks":2,"silentgems:sapphire_ore":20,"minecraft:gold_ore":9,"minecraft:fern":42},"minecraft:picked_up":{"minecraft:wheat":8,"minecraft:anvil":1,"minecraft:wither_rose":1,"silentgear:fluffy_seeds":6,"born_in_chaos_v1:black_argillite":5,"minecraft:string":11,"silentgear:sinew":9,"silentgems:sapphire":21,"minecraft:cobbled_deepslate":43,"alexsmobs:banana":1,"minecraft:acacia_sign":2,"minecraft:melon_slice":92,"minecraft:iron_boots":1,"minecraft:furnace":1,"minecraft:tipped_arrow":2,"silentgems:white_diamond_glowrose":1,"minecraft:stick":7,"apotheosis:gem":9,"minecraft:torch":18,"born_in_chaos_v1:flaming_evil_pumpkin":1,"minecraft:porkchop":12,"tombstone:grave_dust":22,"minecraft:diorite":5,"tombstone:lollipop":7,"silentgems:rose_quartz_glowrose":1,"gobber2:gobber2_foo":2,"minecraft:rotten_flesh":27,"majruszsdifficulty:undead_army_treasure_bag":1,"undead_revamp2:arapholia":3,"minecraft:cobblestone":217,"minecraft:feather":14,"minecraft:jungle_log":9,"minecraft:tuff":14,"minecraft:lapis_lazuli":81,"minecraft:dirt":102,"iceandfire:armor_black_leggings":1,"born_in_chaos_v1:marigolds":3,"minecraft:bone":21,"minecraft:acacia_planks":3,"gobber2:gobber2_gooey_beef":2,"minecraft:wheat_seeds":50,"minecraft:raw_gold":13,"minecraft:oak_planks":14,"gobber2:gobber2_gooey_bread":1,"hmag:soul_powder":2,"minecraft:axolotl_bucket":2,"minecraft:jungle_planks":12,"minecraft:barrel":2,"minecraft:bundle":1,"minecraft:sugar":2,"born_in_chaos_v1:fire_dust":2,"minecraft:crossbow":5,"minecraft:granite":4,"minecraft:chainmail_helmet":1,"minecraft:bread":2,"minecraft:oak_sapling":1,"minecraft:dark_oak_fence":5,"gobber2:gobber2_goo":4,"iceandfire:raw_silver":30,"born_in_chaos_v1:diamond_termite_shard":1,"minecraft:charcoal":6,"sophisticatedbackpacks:gold_backpack":1,"minecraft:cocoa_beans":3,"minecraft:crafting_table":3,"minecraft:azure_bluet":1,"minecraft:chicken":12,"born_in_chaos_v1:smoked_monster_flesh":6,"iceandfire:witherbone":1,"iceandfire:fire_lily":1,"born_in_chaos_v1:seedof_chaos":1,"minecraft:leather_leggings":1,"minecraft:iron_axe":1,"minecraft:item_frame":4,"silentgems:raw_silver":30,"silentgems:peridot_glowrose":1,"minecraft:beef":7,"silentgems:peridot":21,"born_in_chaos_v1:gnawed_bones":1,"minecraft:player_head":1,"minecraft:jungle_sapling":5,"silentgems:alexandrite_glowrose":1,"minecraft:light_gray_wool":1,"minecraft:egg":5,"minecraft:raw_iron":101,"minecraft:copper_ingot":2,"silentgear:hammer":1,"minecraft:redstone":19,"mowziesmobs:umvuthana_mask_faith":1,"minecraft:arrow":15,"minecraft:beetroot_seeds":2,"iceandfire:armor_black_helmet":1,"tombstone:essence_of_undeath":1,"minecraft:mutton":16,"minecraft:white_wool":15,"iceandfire:armor_black_chestplate":1,"born_in_chaos_v1:corpse_maggot":2,"silentgear:flax_seeds":1,"born_in_chaos_v1:monster_flesh":1,"minecraft:leather":1,"gobber2:gobber2_gooey_beefstew":1,"majruszsdifficulty:tattered_helmet":1,"minecraft:oak_log":26,"scalinghealth:bandages":4,"iceandfire:ectoplasm":1,"minecraft:golden_boots":1,"minecraft:gunpowder":3,"scalinghealth:heart_crystal":2,"tombstone:voodoo_poppet":1,"scalinghealth:medkit":1,"minecraft:white_banner":2,"tombstone:gift":1,"minecraft:cooked_mutton":3,"silentgems:ammolite_glowrose":1,"majruszsdifficulty:tattered_leggings":1,"silentgems:ruby":24,"minecraft:iron_ingot":10,"minecraft:cobweb":2,"minecraft:cooked_chicken":4,"tombstone:bag_of_seeds":1,"minecraft:glass_bottle":2,"minecraft:iron_sword":1,"minecraft:acacia_sapling":1,"mowziesmobs:umvuthana_mask_misery":1,"minecraft:book":21,"scalinghealth:heart_crystal_shard":27,"iceandfire:copper_nugget":32,"minecraft:pumpkin":2,"born_in_chaos_v1:ethereal_spirit":4,"minecraft:dandelion":1,"minecraft:blast_furnace":3,"born_in_chaos_v1:fangofthe_hound_leader":1,"silentgear:bort":2,"minecraft:slime_ball":10,"tombstone:magic_scroll":2,"minecraft:melon_seeds":2,"minecraft:coal":96,"silentgear:sword":1},"minecraft:broken":{"minecraft:iron_chestplate":1,"minecraft:chainmail_boots":1,"minecraft:stone_pickaxe":1,"minecraft:stone_axe":1,"minecraft:leather_helmet":1,"minecraft:iron_axe":1},"minecraft:crafted":{"minecraft:oak_planks":104,"minecraft:pink_bed":1,"minecraft:cooked_chicken":10,"minecraft:cooked_mutton":9,"minecraft:iron_boots":1,"minecraft:chest":8,"minecraft:cooked_porkchop":9,"minecraft:iron_helmet":1,"minecraft:iron_chestplate":2,"minecraft:yellow_dye":1,"minecraft:shield":1,"minecraft:stick":16,"minecraft:iron_ingot":99,"minecraft:iron_pickaxe":2,"minecraft:iron_block":3,"minecraft:oak_door":3,"minecraft:iron_nugget":9,"minecraft:furnace":2,"minecraft:yellow_bed":1,"minecraft:pink_dye":1,"minecraft:iron_axe":2,"minecraft:stone_pickaxe":1,"minecraft:dark_oak_planks":4,"minecraft:iron_sword":2,"minecraft:bucket":1,"minecraft:stone_axe":2,"minecraft:air":0,"minecraft:jungle_planks":20,"minecraft:iron_leggings":1,"minecraft:anvil":1,"minecraft:white_bed":4,"minecraft:torch":4},"minecraft:dropped":{"minecraft:porkchop":1,"minecraft:leather":1,"minecraft:dirt":10,"minecraft:dark_oak_fence":4,"minecraft:iron_pickaxe":1,"majruszsdifficulty:tattered_leggings":1,"minecraft:white_wool":1,"minecraft:cobbled_deepslate":2,"minecraft:wheat":2,"undead_revamp2:arapholia":1,"minecraft:rotten_flesh":11,"minecraft:white_bed":1,"minecraft:tipped_arrow":1,"minecraft:jungle_log":4,"minecraft:egg":5,"minecraft:iron_ingot":18,"minecraft:wheat_seeds":21,"minecraft:cobblestone":5,"minecraft:granite":4,"silentgear:sinew":2,"minecraft:stick":2,"minecraft:melon_slice":64,"tombstone:voodoo_poppet":2,"minecraft:light_gray_wool":1,"minecraft:iron_boots":1,"minecraft:oak_sapling":1,"minecraft:barrel":2},"minecraft:used":{"silentgear:sword":2,"gobber2:gobber2_gooey_bread":1,"minecraft:chest":7,"minecraft:shield":33,"minecraft:iron_sword":418,"tombstone:lollipop":7,"minecraft:jungle_planks":10,"minecraft:acacia_sapling":1,"born_in_chaos_v1:gnawed_bones":1,"minecraft:furnace":3,"minecraft:stone_pickaxe":131,"minecraft:oak_planks":5,"minecraft:blast_furnace":3,"gobber2:gobber2_gooey_beefstew":1,"minecraft:melon_slice":26,"minecraft:bread":6,"born_in_chaos_v1:smoked_monster_flesh":6,"minecraft:dark_oak_fence":1,"born_in_chaos_v1:ethereal_spirit":7,"minecraft:cooked_chicken":13,"minecraft:oak_door":1,"minecraft:torch":22,"minecraft:dirt":86,"minecraft:anvil":2,"minecraft:iron_axe":248,"minecraft:iron_boots":2,"gobber2:gobber2_gooey_beef":2,"minecraft:goat_horn":1,"tombstone:gift":6,"undead_revamp2:arapholia":1,"minecraft:cooked_beef":7,"minecraft:cobbled_deepslate":4,"minecraft:pumpkin":2,"minecraft:iron_leggings":1,"minecraft:cooked_mutton":12,"minecraft:water_bucket":2,"minecraft:crafting_table":2,"minecraft:white_bed":1,"tombstone:bag_of_seeds":2,"majruszsdifficulty:undead_army_treasure_bag":2,"minecraft:acacia_sign":2,"minecraft:iron_pickaxe":452,"silentgear:hammer":76,"minecraft:stone_axe":123,"minecraft:pink_bed":1,"minecraft:cobblestone":223,"minecraft:bucket":3,"minecraft:yellow_bed":1},"minecraft:custom":{"minecraft:interact_with_crafting_table":33,"minecraft:open_barrel":21,"minecraft:leave_game":2,"minecraft:time_since_death":221582,"minecraft:damage_resisted":486,"minecraft:sprint_one_cm":584706,"minecraft:damage_blocked_by_shield":1552,"minecraft:drop":40,"tombstone:eaten_lollipop":7,"minecraft:play_time":236492,"minecraft:deaths":1,"minecraft:jump":6241,"minecraft:walk_on_water_one_cm":28547,"minecraft:interact_with_furnace":26,"minecraft:sleep_in_bed":3,"tombstone:sneak_grave":1,"minecraft:damage_dealt":30616,"minecraft:crouch_one_cm":121937,"tombstone:undead_killed":44,"minecraft:interact_with_smoker":5,"minecraft:horse_one_cm":41523,"minecraft:mob_kills":133,"minecraft:interact_with_anvil":4,"minecraft:damage_dealt_resisted":6375,"minecraft:climb_one_cm":2606,"minecraft:walk_one_cm":486513,"minecraft:damage_dealt_absorbed":2705,"minecraft:sneak_time":43341,"minecraft:walk_under_water_one_cm":14691,"minecraft:interact_with_blast_furnace":8,"minecraft:total_world_time":236492,"tombstone:raider_killed":24,"minecraft:raid_trigger":1,"minecraft:time_since_rest":39568,"minecraft:damage_taken":8042,"minecraft:trigger_trapped_chest":3,"minecraft:swim_one_cm":20893,"minecraft:fly_one_cm":1339260,"minecraft:open_chest":97,"minecraft:fall_one_cm":178789},"minecraft:killed":{"born_in_chaos_v1:mr_pumpkin":1,"minecraft:witch":1,"born_in_chaos_v1:restless_spirit":1,"minecraft:spider":2,"undead_revamp2:thesmoker":1,"born_in_chaos_v1:scarlet_persecutor":1,"minecraft:skeleton":11,"minecraft:bee":1,"minecraft:chicken":13,"undead_revamp2:therod":1,"undead_revamp2:thepregnant":2,"born_in_chaos_v1:firelight_not_despawn":1,"minecraft:pig":7,"born_in_chaos_v1:diamond_termite":1,"minecraft:sheep":14,"minecraft:pillager":23,"minecraft:zombie":8,"born_in_chaos_v1:dread_hound":1,"born_in_chaos_v1:corpse_fly":1,"minecraft:stray":1,"minecraft:cow":5,"hmag:skeleton_girl":1,"enemyexpansion:direwolf":1,"enemyexpansion:goblin_fear":1,"born_in_chaos_v1:zombie_bruiser":1,"hmag:zombie_girl":1,"undead_revamp2:thebidy":6,"mowziesmobs:umvuthana":1,"born_in_chaos_v1:spiritof_chaos":1,"born_in_chaos_v1:spirit_guide":1,"hmag:ghost":1,"born_in_chaos_v1:baby_skeleton":1,"majruszsdifficulty:cursed_armor":1,"mowziesmobs:umvuthana_follower_raptor":1,"born_in_chaos_v1:decrepit_skeleton":2,"undead_revamp2:thesomnolence":1,"iceandfire:ghost":6}},"DataVersion":3465}