{"stats":{"minecraft:crafted":{"minecraft:oak_planks":104,"minecraft:pink_bed":1,"minecraft:cooked_chicken":12,"minecraft:cooked_mutton":9,"minecraft:glass":14,"minecraft:iron_boots":2,"minecraft:chest":11,"minecraft:arrow":32,"minecraft:cooked_porkchop":9,"minecraft:iron_helmet":1,"minecraft:iron_chestplate":2,"minecraft:yellow_dye":1,"minecraft:shield":1,"minecraft:stick":32,"minecraft:iron_ingot":145,"minecraft:iron_pickaxe":3,"minecraft:iron_block":3,"farmersdelight:onion":1,"minecraft:oak_door":3,"minecraft:iron_nugget":9,"minecraft:furnace":2,"minecraft:yellow_bed":1,"minecraft:pink_dye":1,"minecraft:iron_axe":3,"minecraft:iron_hoe":1,"minecraft:stone_pickaxe":1,"minecraft:dark_oak_planks":4,"minecraft:iron_sword":2,"minecraft:bucket":1,"minecraft:stone_axe":2,"minecraft:air":0,"minecraft:jungle_planks":20,"minecraft:iron_shovel":2,"minecraft:iron_leggings":2,"minecraft:anvil":1,"minecraft:white_bed":4,"minecraft:torch":4},"minecraft:picked_up":{"minecraft:wheat":8,"minecraft:anvil":1,"minecraft:lead":1,"minecraft:wither_rose":1,"silentgear:fluffy_seeds":6,"born_in_chaos_v1:black_argillite":5,"silentgear:sinew":9,"minecraft:string":11,"born_in_chaos_v1:mesh_door":1,"silentgems:sapphire":21,"alexsmobs:banana":3,"minecraft:cobbled_deepslate":133,"minecraft:acacia_sign":2,"minecraft:melon_slice":172,"silentgems:heliodor_glowrose":2,"minecraft:furnace":1,"minecraft:iron_boots":1,"minecraft:tipped_arrow":2,"silentgems:white_diamond_glowrose":1,"minecraft:stick":25,"apotheosis:gem":10,"born_in_chaos_v1:shattered_skull":2,"minecraft:torch":18,"born_in_chaos_v1:flaming_evil_pumpkin":1,"minecraft:porkchop":12,"tombstone:grave_dust":23,"minecraft:diorite":18,"tombstone:lollipop":7,"silentgems:rose_quartz_glowrose":1,"gobber2:gobber2_foo":2,"minecraft:stone_sword":1,"minecraft:rotten_flesh":36,"silentgems:citrine_glowrose":4,"majruszsdifficulty:undead_army_treasure_bag":1,"undead_revamp2:arapholia":4,"minecraft:cobblestone":1428,"minecraft:feather":14,"minecraft:andesite":19,"minecraft:jungle_log":9,"minecraft:tuff":14,"farmersdelight:tomato":3,"minecraft:lapis_lazuli":86,"minecraft:dirt":587,"iceandfire:armor_black_leggings":1,"born_in_chaos_v1:marigolds":3,"minecraft:glass":14,"minecraft:bone":26,"minecraft:acacia_planks":53,"gobber2:gobber2_gooey_beef":2,"minecraft:wheat_seeds":68,"minecraft:raw_gold":14,"minecraft:oak_planks":14,"gobber2:gobber2_gooey_bread":1,"hmag:soul_powder":2,"minecraft:axolotl_bucket":2,"minecraft:jungle_planks":13,"minecraft:barrel":2,"minecraft:bundle":1,"minecraft:sugar":2,"born_in_chaos_v1:fire_dust":2,"minecraft:diamond":18,"minecraft:crossbow":5,"minecraft:granite":22,"minecraft:bread":2,"minecraft:chainmail_helmet":1,"minecraft:oak_sapling":1,"minecraft:dark_oak_fence":5,"gobber2:gobber2_goo":4,"iceandfire:raw_silver":30,"born_in_chaos_v1:diamond_termite_shard":1,"minecraft:cocoa_beans":3,"sophisticatedbackpacks:gold_backpack":1,"minecraft:charcoal":6,"minecraft:crafting_table":4,"minecraft:azure_bluet":1,"iceandfire:witherbone":1,"born_in_chaos_v1:smoked_monster_flesh":6,"minecraft:chicken":12,"minecraft:leather_leggings":1,"born_in_chaos_v1:seedof_chaos":1,"iceandfire:fire_lily":1,"minecraft:iron_axe":1,"born_in_chaos_v1:intoxicating_decoction":1,"minecraft:item_frame":4,"silentgems:raw_silver":30,"silentgems:peridot_glowrose":1,"minecraft:beef":7,"silentgems:peridot":26,"minecraft:jungle_sapling":5,"born_in_chaos_v1:gnawed_bones":1,"minecraft:player_head":3,"silentgems:alexandrite_glowrose":1,"minecraft:light_gray_wool":1,"minecraft:sugar_cane":75,"minecraft:egg":5,"minecraft:raw_iron":111,"minecraft:copper_ingot":2,"silentgear:hammer":1,"farmersdelight:tomato_seeds":10,"born_in_chaos_v1:pieceofdarkmetal":7,"minecraft:carrot":11,"minecraft:redstone":157,"mowziesmobs:umvuthana_mask_faith":1,"minecraft:arrow":15,"minecraft:beetroot_seeds":2,"iceandfire:armor_black_helmet":1,"tombstone:essence_of_undeath":1,"minecraft:mutton":16,"minecraft:white_wool":15,"iceandfire:armor_black_chestplate":1,"born_in_chaos_v1:corpse_maggot":12,"silentgear:flax_seeds":1,"born_in_chaos_v1:monster_flesh":1,"minecraft:glow_ink_sac":5,"gobber2:gobber2_gooey_beefstew":1,"minecraft:leather":1,"majruszsdifficulty:tattered_helmet":1,"minecraft:oak_log":26,"scalinghealth:bandages":4,"iceandfire:ectoplasm":1,"minecraft:golden_boots":1,"minecraft:gunpowder":5,"scalinghealth:heart_crystal":5,"tombstone:voodoo_poppet":1,"minecraft:white_banner":2,"scalinghealth:medkit":1,"tombstone:gift":1,"minecraft:cooked_mutton":3,"silentgems:ammolite_glowrose":1,"majruszsdifficulty:tattered_leggings":1,"silentgems:ruby":24,"minecraft:iron_ingot":10,"minecraft:cooked_chicken":4,"minecraft:cobweb":2,"tombstone:bag_of_seeds":1,"minecraft:glass_bottle":2,"minecraft:acacia_sapling":1,"minecraft:iron_sword":1,"mowziesmobs:umvuthana_mask_misery":1,"minecraft:book":21,"iceandfire:copper_nugget":32,"scalinghealth:heart_crystal_shard":27,"minecraft:pumpkin":2,"born_in_chaos_v1:ethereal_spirit":4,"minecraft:dandelion":1,"minecraft:gravel":25,"born_in_chaos_v1:fangofthe_hound_leader":1,"minecraft:blast_furnace":3,"silentgear:bort":2,"minecraft:slime_ball":10,"tombstone:magic_scroll":2,"minecraft:melon_seeds":2,"minecraft:coal":96,"silentgear:sword":1},"minecraft:dropped":{"minecraft:porkchop":1,"minecraft:leather":1,"minecraft:dirt":13,"minecraft:dark_oak_fence":4,"minecraft:iron_pickaxe":1,"majruszsdifficulty:tattered_leggings":1,"minecraft:white_wool":1,"minecraft:cobbled_deepslate":2,"minecraft:wheat":2,"undead_revamp2:arapholia":1,"minecraft:rotten_flesh":11,"minecraft:white_bed":1,"minecraft:tipped_arrow":1,"minecraft:jungle_log":4,"minecraft:glass":14,"minecraft:egg":5,"minecraft:iron_ingot":18,"minecraft:wheat_seeds":21,"minecraft:cobblestone":5,"minecraft:granite":4,"silentgear:sinew":2,"minecraft:stick":2,"minecraft:melon_slice":64,"tombstone:voodoo_poppet":2,"minecraft:redstone":157,"minecraft:light_gray_wool":1,"minecraft:iron_boots":1,"minecraft:oak_sapling":1,"minecraft:barrel":2},"minecraft:broken":{"minecraft:iron_shovel":1,"minecraft:iron_chestplate":1,"minecraft:chainmail_boots":1,"minecraft:stone_pickaxe":1,"minecraft:stone_axe":1,"minecraft:leather_helmet":1,"minecraft:chainmail_helmet":1,"minecraft:iron_axe":1,"minecraft:iron_pickaxe":1},"minecraft:killed":{"born_in_chaos_v1:zombie_clown":1,"born_in_chaos_v1:mr_pumpkin":1,"minecraft:witch":1,"born_in_chaos_v1:restless_spirit":1,"minecraft:spider":2,"undead_revamp2:thesmoker":1,"born_in_chaos_v1:scarlet_persecutor":1,"minecraft:skeleton":11,"minecraft:bee":1,"minecraft:chicken":13,"undead_revamp2:therod":1,"undead_revamp2:thepregnant":2,"born_in_chaos_v1:firelight_not_despawn":1,"minecraft:pig":7,"born_in_chaos_v1:diamond_termite":1,"minecraft:sheep":14,"minecraft:trader_llama":1,"minecraft:pillager":25,"minecraft:zombie":8,"born_in_chaos_v1:dread_hound":1,"born_in_chaos_v1:corpse_fly":6,"minecraft:stray":1,"born_in_chaos_v1:door_knight":1,"minecraft:cow":5,"hmag:skeleton_girl":1,"enemyexpansion:direwolf":2,"enemyexpansion:goblin_fear":1,"born_in_chaos_v1:zombie_bruiser":1,"hmag:zombie_girl":1,"undead_revamp2:thebidy":6,"mowziesmobs:umvuthana":1,"born_in_chaos_v1:spiritof_chaos":1,"born_in_chaos_v1:spirit_guide":1,"hmag:ghost":1,"born_in_chaos_v1:baby_skeleton":1,"born_in_chaos_v1:swarmer":1,"majruszsdifficulty:cursed_armor":1,"mowziesmobs:umvuthana_follower_raptor":1,"born_in_chaos_v1:decrepit_skeleton":2,"undead_revamp2:thesomnolence":2,"iceandfire:ghost":6},"minecraft:mined":{"undead_revamp2:arapholia":2,"minecraft:jungle_leaves":2,"silentgems:rose_quartz_glowrose":1,"minecraft:granite":23,"minecraft:grass_block":512,"gobber2:gobber2_lucky_block":8,"minecraft:jungle_log":5,"minecraft:frosted_ice":1,"minecraft:spawner":2,"minecraft:cobbled_deepslate":2,"minecraft:iron_ore":102,"minecraft:fire":15,"minecraft:barrel":1,"minecraft:pumpkin":1,"minecraft:deepslate_lapis_ore":3,"minecraft:anvil":1,"silentgems:citrine_glowrose":4,"minecraft:azure_bluet":1,"silentgear:deepslate_bort_ore":2,"minecraft:iron_bars":1,"minecraft:deepslate_redstone_ore":38,"silentgems:peridot_ore":21,"minecraft:player_wall_head":2,"minecraft:torch":8,"minecraft:blast_furnace":3,"minecraft:melon":35,"iceandfire:fire_lily":1,"undead_revamp2:chiseled_dripstonepillar":1,"minecraft:cobblestone":71,"minecraft:sugar_cane":17,"minecraft:oak_planks":5,"minecraft:wall_torch":10,"silentgems:silver_ore":18,"minecraft:wheat":2,"minecraft:wither_rose":1,"minecraft:grass":305,"minecraft:oak_log":26,"undead_revamp2:chiseleddripstonepillartop":2,"minecraft:dirt":102,"minecraft:oak_leaves":25,"minecraft:deepslate":130,"silentgems:ruby_ore":15,"iceandfire:silver_ore":30,"silentgems:ammolite_glowrose":2,"minecraft:deepslate_diamond_ore":18,"silentgear:wild_flax_plant":1,"farmersdelight:wild_carrots":11,"silentgems:deepslate_peridot_ore":5,"minecraft:dark_oak_fence":5,"silentgems:peridot_glowrose":1,"minecraft:jungle_planks":10,"born_in_chaos_v1:black_argillite":6,"born_in_chaos_v1:gnawed_bones":1,"silentgems:deepslate_ruby_ore":9,"minecraft:furnace":1,"minecraft:andesite":26,"minecraft:deepslate_iron_ore":19,"minecraft:stone":1358,"minecraft:dandelion":1,"minecraft:crafting_table":4,"silentgear:wild_fluffy_plant":2,"silentgems:deepslate_sapphire_ore":1,"silentgems:white_diamond_glowrose":1,"minecraft:campfire":1,"minecraft:tall_grass":15,"silentgems:deepslate_silver_ore":12,"farmersdelight:wild_tomatoes":10,"minecraft:lapis_ore":17,"minecraft:deepslate_gold_ore":8,"minecraft:diorite":13,"silentgems:deepslate_turquoise_ore":1,"gobber2:gobber2_lucky_block_deepslate":2,"minecraft:coal_ore":54,"minecraft:acacia_planks":71,"silentgems:sapphire_ore":20,"minecraft:gold_ore":9,"minecraft:fern":45},"minecraft:custom":{"minecraft:interact_with_crafting_table":45,"minecraft:open_barrel":31,"minecraft:leave_game":2,"minecraft:time_since_death":323038,"minecraft:damage_resisted":540,"minecraft:sprint_one_cm":795740,"minecraft:damage_blocked_by_shield":1629,"minecraft:drop":45,"tombstone:eaten_lollipop":7,"minecraft:talked_to_villager":2,"minecraft:play_time":337948,"minecraft:deaths":1,"minecraft:jump":7515,"minecraft:walk_on_water_one_cm":40943,"minecraft:interact_with_furnace":30,"minecraft:traded_with_villager":3,"minecraft:sleep_in_bed":7,"minecraft:waystone_activated":1,"tombstone:sneak_grave":1,"minecraft:damage_dealt":34248,"minecraft:crouch_one_cm":255892,"tombstone:undead_killed":47,"minecraft:interact_with_smoker":8,"minecraft:horse_one_cm":41523,"minecraft:mob_kills":147,"minecraft:interact_with_anvil":7,"minecraft:damage_dealt_resisted":6464,"minecraft:climb_one_cm":2759,"minecraft:walk_one_cm":689608,"minecraft:damage_dealt_absorbed":2705,"minecraft:sneak_time":76559,"minecraft:walk_under_water_one_cm":17288,"minecraft:interact_with_blast_furnace":22,"minecraft:total_world_time":337948,"tombstone:raider_killed":26,"minecraft:raid_trigger":1,"minecraft:time_since_rest":7580,"minecraft:damage_taken":9571,"minecraft:trigger_trapped_chest":3,"minecraft:swim_one_cm":23890,"minecraft:fly_one_cm":1664440,"minecraft:open_chest":177,"minecraft:fall_one_cm":224071},"minecraft:used":{"silentgear:sword":121,"minecraft:iron_shovel":510,"gobber2:gobber2_gooey_bread":1,"minecraft:chest":10,"minecraft:shield":38,"minecraft:iron_sword":418,"tombstone:lollipop":7,"minecraft:player_head":3,"minecraft:jungle_planks":10,"minecraft:acacia_sapling":1,"born_in_chaos_v1:corpse_maggot":1,"born_in_chaos_v1:gnawed_bones":1,"minecraft:furnace":3,"minecraft:diorite":3,"minecraft:stone_pickaxe":131,"minecraft:oak_planks":9,"minecraft:sugar_cane":11,"minecraft:blast_furnace":3,"gobber2:gobber2_gooey_beefstew":1,"minecraft:melon_slice":26,"minecraft:bread":6,"born_in_chaos_v1:smoked_monster_flesh":6,"minecraft:dark_oak_fence":1,"born_in_chaos_v1:ethereal_spirit":7,"minecraft:cooked_chicken":16,"minecraft:oak_door":1,"minecraft:torch":22,"minecraft:dirt":488,"minecraft:anvil":2,"scalinghealth:heart_crystal":2,"minecraft:granite":7,"minecraft:iron_axe":371,"minecraft:iron_boots":2,"gobber2:gobber2_gooey_beef":2,"minecraft:goat_horn":1,"tombstone:gift":6,"undead_revamp2:arapholia":1,"minecraft:cooked_beef":7,"minecraft:cobbled_deepslate":79,"minecraft:pumpkin":2,"minecraft:iron_leggings":1,"minecraft:cooked_mutton":12,"minecraft:water_bucket":6,"minecraft:crafting_table":3,"minecraft:white_bed":1,"tombstone:bag_of_seeds":2,"majruszsdifficulty:undead_army_treasure_bag":2,"minecraft:acacia_sign":2,"minecraft:iron_pickaxe":568,"silentgear:hammer":261,"minecraft:stone_axe":123,"minecraft:pink_bed":1,"minecraft:cobblestone":1384,"minecraft:cooked_porkchop":8,"minecraft:bucket":7,"minecraft:yellow_bed":1}},"DataVersion":3465}